Date,Day,Time,Order ID,Table Number,Item Name,Category,Quantity,Unit Price,Total Sale,Payment Method,Server Name,Customer Type,Dine Type
2024-06-12,Wednesday,11:54 AM,ORD1000,8,Grilled Chicken,Main,3,12.99,38.97,Cash,Bob,New,Delivery
2024-05-19,Sunday,11:29 AM,ORD1001,1,Chocolate Cake,Dessert,1,5.99,5.99,Cash,Bob,New,Delivery
2024-06-03,Monday,10:27 AM,ORD1002,14,French Fries,Side,5,4.5,22.5,Cash,Diana,Returning,Dine-in
2024-02-10,Saturday,09:54 PM,ORD1003,9,Chocolate Cake,Dessert,3,5.99,17.97,Cash,Bob,Returning,Dine-in
2024-01-24,Wednesday,04:29 PM,ORD1004,12,Cheeseburger,Main,3,10.49,31.47,Online,Carlos,New,Delivery
2024-04-27,Saturday,07:09 PM,ORD1005,3,Cheeseburger,Main,4,10.49,41.96,Online,Carlos,Returning,Delivery
2024-02-19,Monday,11:11 AM,ORD1006,10,Grilled Chicken,Main,2,12.99,25.98,Cash,Bob,New,Takeaway
2024-03-12,Tuesday,05:44 PM,ORD1007,12,Iced Tea,Drink,2,2.79,5.58,Card,Bob,Returning,Delivery
2024-06-23,Sunday,09:03 PM,ORD1008,6,Cheeseburger,Main,5,10.49,52.45,Online,Bob,New,Takeaway
2024-04-07,Sunday,02:36 PM,ORD1009,2,French Fries,Side,3,4.5,13.5,Cash,Alice,Returning,Takeaway
2024-03-09,Saturday,11:07 AM,ORD1010,11,French Fries,Side,5,4.5,22.5,Cash,Diana,Returning,Delivery
2024-04-27,Saturday,12:26 PM,ORD1011,8,Lemonade,Drink,2,2.99,5.98,Online,Carlos,Returning,Delivery
2024-04-12,Friday,04:10 PM,ORD1012,17,French Fries,Side,2,4.5,9.0,Card,Alice,New,Dine-in
2024-02-09,Friday,08:42 PM,ORD1013,20,Caesar Salad,Side,4,6.99,27.96,Cash,Diana,Returning,Delivery
2024-04-29,Monday,07:01 PM,ORD1014,1,Lemonade,Drink,5,2.99,14.95,Online,Alice,Returning,Delivery
2024-03-28,Thursday,11:54 AM,ORD1015,6,Lemonade,Drink,4,2.99,11.96,Card,Alice,Returning,Delivery
2024-02-15,Thursday,06:39 PM,ORD1016,17,Cheeseburger,Main,3,10.49,31.47,Online,Bob,New,Takeaway
2024-02-11,Sunday,07:12 PM,ORD1017,11,Grilled Chicken,Main,5,12.99,64.95,Card,Alice,New,Takeaway
2024-03-19,Tuesday,02:05 PM,ORD1018,19,Grilled Chicken,Main,2,12.99,25.98,Cash,Alice,Returning,Dine-in
2024-05-16,Thursday,12:08 PM,ORD1019,18,Caesar Salad,Side,4,6.99,27.96,Cash,Carlos,Returning,Dine-in
2024-05-18,Saturday,09:46 PM,ORD1020,13,French Fries,Side,3,4.5,13.5,Online,Carlos,Returning,Delivery
2024-04-25,Thursday,12:03 PM,ORD1021,3,French Fries,Side,2,4.5,9.0,Card,Alice,New,Delivery
2024-02-26,Monday,10:07 AM,ORD1022,8,Cheeseburger,Main,1,10.49,10.49,Cash,Alice,Returning,Dine-in
2024-05-11,Saturday,02:03 PM,ORD1023,7,Lemonade,Drink,4,2.99,11.96,Online,Bob,Returning,Dine-in
2024-05-01,Wednesday,04:56 PM,ORD1024,4,French Fries,Side,1,4.5,4.5,Online,Diana,Returning,Takeaway
2024-04-15,Monday,05:58 PM,ORD1025,2,Grilled Chicken,Main,1,12.99,12.99,Card,Carlos,New,Dine-in
2024-02-19,Monday,01:14 PM,ORD1026,14,Ice Cream,Dessert,2,3.99,7.98,Cash,Carlos,Returning,Dine-in
2024-01-20,Saturday,05:33 PM,ORD1027,18,Cheeseburger,Main,1,10.49,10.49,Cash,Alice,New,Dine-in
2024-04-14,Sunday,06:17 PM,ORD1028,13,Ice Cream,Dessert,2,3.99,7.98,Cash,Bob,Returning,Dine-in
2024-04-09,Tuesday,02:31 PM,ORD1029,14,Ice Cream,Dessert,3,3.99,11.97,Online,Diana,New,Dine-in
2024-03-16,Saturday,01:42 PM,ORD1030,18,Grilled Chicken,Main,5,12.99,64.95,Cash,Carlos,New,Dine-in
2024-05-29,Wednesday,06:08 PM,ORD1031,17,Caesar Salad,Side,1,6.99,6.99,Cash,Bob,New,Delivery
2024-01-18,Thursday,09:31 PM,ORD1032,4,French Fries,Side,4,4.5,18.0,Online,Bob,New,Delivery
2024-01-21,Sunday,05:09 PM,ORD1033,7,Iced Tea,Drink,3,2.79,8.37,Online,Carlos,New,Takeaway
2024-04-11,Thursday,12:14 PM,ORD1034,11,Lemonade,Drink,4,2.99,11.96,Cash,Alice,Returning,Delivery
2024-05-24,Friday,11:42 AM,ORD1035,7,Cheeseburger,Main,5,10.49,52.45,Online,Carlos,New,Takeaway
2024-01-18,Thursday,02:10 PM,ORD1036,6,Iced Tea,Drink,3,2.79,8.37,Card,Carlos,New,Delivery
2024-05-21,Tuesday,03:06 PM,ORD1037,9,Cheeseburger,Main,2,10.49,20.98,Cash,Alice,New,Takeaway
2024-03-13,Wednesday,08:19 PM,ORD1038,7,French Fries,Side,3,4.5,13.5,Online,Carlos,Returning,Takeaway
2024-01-14,Sunday,11:34 AM,ORD1039,2,Chocolate Cake,Dessert,3,5.99,17.97,Cash,Carlos,New,Delivery
2024-03-08,Friday,12:45 PM,ORD1040,14,Ice Cream,Dessert,5,3.99,19.95,Online,Alice,New,Dine-in
2024-06-25,Tuesday,12:32 PM,ORD1041,19,Grilled Chicken,Main,3,12.99,38.97,Online,Bob,Returning,Dine-in
2024-01-11,Thursday,03:15 PM,ORD1042,12,Iced Tea,Drink,1,2.79,2.79,Cash,Bob,New,Takeaway
2024-05-23,Thursday,04:56 PM,ORD1043,6,Caesar Salad,Side,2,6.99,13.98,Cash,Diana,New,Dine-in
2024-03-26,Tuesday,05:01 PM,ORD1044,6,French Fries,Side,3,4.5,13.5,Online,Alice,Returning,Dine-in
2024-04-30,Tuesday,01:47 PM,ORD1045,12,French Fries,Side,4,4.5,18.0,Card,Bob,New,Dine-in
2024-06-17,Monday,01:17 PM,ORD1046,9,Chocolate Cake,Dessert,3,5.99,17.97,Cash,Carlos,Returning,Delivery
2024-05-10,Friday,04:49 PM,ORD1047,4,Iced Tea,Drink,1,2.79,2.79,Card,Bob,Returning,Dine-in
2024-01-28,Sunday,08:10 PM,ORD1048,11,Chocolate Cake,Dessert,3,5.99,17.97,Card,Alice,Returning,Delivery
2024-02-18,Sunday,02:20 PM,ORD1049,1,Grilled Chicken,Main,4,12.99,51.96,Online,Bob,Returning,Takeaway
2024-01-18,Thursday,09:20 PM,ORD1050,11,Iced Tea,Drink,5,2.79,13.95,Online,Alice,Returning,Delivery
2024-03-20,Wednesday,09:22 PM,ORD1051,13,Chocolate Cake,Dessert,3,5.99,17.97,Online,Carlos,New,Dine-in
2024-04-17,Wednesday,09:20 PM,ORD1052,20,Chocolate Cake,Dessert,2,5.99,11.98,Online,Carlos,Returning,Delivery
2024-01-01,Monday,03:11 PM,ORD1053,14,Lemonade,Drink,2,2.99,5.98,Online,Carlos,Returning,Takeaway
2024-04-23,Tuesday,09:31 PM,ORD1054,16,French Fries,Side,5,4.5,22.5,Online,Bob,New,Takeaway
2024-05-11,Saturday,09:19 PM,ORD1055,8,Iced Tea,Drink,1,2.79,2.79,Online,Carlos,New,Dine-in
2024-02-07,Wednesday,10:25 AM,ORD1056,16,Grilled Chicken,Main,2,12.99,25.98,Online,Alice,Returning,Takeaway
2024-06-10,Monday,07:49 PM,ORD1057,16,French Fries,Side,4,4.5,18.0,Card,Bob,New,Delivery
2024-06-25,Tuesday,10:05 AM,ORD1058,8,Cheeseburger,Main,4,10.49,41.96,Cash,Diana,New,Delivery
2024-03-04,Monday,12:04 PM,ORD1059,15,Ice Cream,Dessert,2,3.99,7.98,Online,Carlos,Returning,Delivery
2024-05-09,Thursday,05:16 PM,ORD1060,16,Ice Cream,Dessert,2,3.99,7.98,Card,Carlos,New,Delivery
2024-03-11,Monday,06:53 PM,ORD1061,9,Ice Cream,Dessert,2,3.99,7.98,Card,Alice,Returning,Dine-in
2024-03-10,Sunday,03:43 PM,ORD1062,3,Iced Tea,Drink,5,2.79,13.95,Cash,Bob,New,Takeaway
2024-06-26,Wednesday,12:36 PM,ORD1063,14,French Fries,Side,1,4.5,4.5,Card,Carlos,Returning,Takeaway
2024-01-16,Tuesday,01:31 PM,ORD1064,19,Chocolate Cake,Dessert,4,5.99,23.96,Online,Alice,Returning,Takeaway
2024-01-02,Tuesday,04:00 PM,ORD1065,14,Lemonade,Drink,4,2.99,11.96,Online,Bob,Returning,Dine-in
2024-03-10,Sunday,05:26 PM,ORD1066,13,Ice Cream,Dessert,1,3.99,3.99,Card,Diana,New,Takeaway
2024-02-02,Friday,08:37 PM,ORD1067,19,Grilled Chicken,Main,4,12.99,51.96,Online,Alice,New,Delivery
2024-04-19,Friday,12:18 PM,ORD1068,2,Ice Cream,Dessert,2,3.99,7.98,Card,Diana,Returning,Dine-in
2024-04-26,Friday,03:34 PM,ORD1069,9,Iced Tea,Drink,4,2.79,11.16,Card,Carlos,New,Takeaway
2024-01-05,Friday,07:12 PM,ORD1070,8,Grilled Chicken,Main,3,12.99,38.97,Online,Alice,New,Dine-in
2024-03-04,Monday,01:24 PM,ORD1071,5,Grilled Chicken,Main,5,12.99,64.95,Cash,Bob,Returning,Delivery
2024-01-30,Tuesday,07:37 PM,ORD1072,9,French Fries,Side,4,4.5,18.0,Card,Bob,New,Dine-in
2024-03-20,Wednesday,11:50 AM,ORD1073,19,Grilled Chicken,Main,3,12.99,38.97,Online,Diana,Returning,Delivery
2024-02-20,Tuesday,11:17 AM,ORD1074,10,French Fries,Side,1,4.5,4.5,Online,Alice,New,Takeaway
2024-05-16,Thursday,05:18 PM,ORD1075,17,Iced Tea,Drink,1,2.79,2.79,Online,Carlos,New,Takeaway
2024-05-05,Sunday,11:48 AM,ORD1076,15,Chocolate Cake,Dessert,3,5.99,17.97,Online,Bob,Returning,Dine-in
2024-05-13,Monday,09:06 PM,ORD1077,18,Lemonade,Drink,5,2.99,14.95,Card,Diana,Returning,Delivery
2024-05-31,Friday,02:34 PM,ORD1078,3,Iced Tea,Drink,2,2.79,5.58,Card,Diana,New,Takeaway
2024-05-25,Saturday,08:24 PM,ORD1079,1,Chocolate Cake,Dessert,3,5.99,17.97,Card,Carlos,New,Takeaway
2024-02-24,Saturday,04:03 PM,ORD1080,9,Lemonade,Drink,3,2.99,8.97,Online,Carlos,New,Delivery
2024-02-18,Sunday,11:27 AM,ORD1081,16,French Fries,Side,4,4.5,18.0,Online,Bob,Returning,Delivery
2024-05-05,Sunday,05:38 PM,ORD1082,10,Grilled Chicken,Main,1,12.99,12.99,Cash,Diana,New,Takeaway
2024-06-18,Tuesday,07:55 PM,ORD1083,18,Iced Tea,Drink,4,2.79,11.16,Online,Carlos,Returning,Delivery
2024-05-20,Monday,03:38 PM,ORD1084,9,Iced Tea,Drink,4,2.79,11.16,Card,Carlos,New,Dine-in
2024-02-19,Monday,03:23 PM,ORD1085,6,Cheeseburger,Main,5,10.49,52.45,Cash,Bob,Returning,Takeaway
2024-05-30,Thursday,06:57 PM,ORD1086,7,Lemonade,Drink,1,2.99,2.99,Card,Bob,Returning,Dine-in
2024-03-18,Monday,10:14 AM,ORD1087,2,Caesar Salad,Side,3,6.99,20.97,Cash,Carlos,New,Delivery
2024-05-05,Sunday,11:45 AM,ORD1088,10,Grilled Chicken,Main,5,12.99,64.95,Card,Diana,Returning,Takeaway
2024-02-17,Saturday,10:52 AM,ORD1089,4,Lemonade,Drink,4,2.99,11.96,Cash,Diana,Returning,Dine-in
2024-05-27,Monday,08:44 PM,ORD1090,5,Grilled Chicken,Main,2,12.99,25.98,Online,Carlos,New,Dine-in
2024-01-31,Wednesday,07:31 PM,ORD1091,20,Chocolate Cake,Dessert,5,5.99,29.95,Online,Bob,Returning,Takeaway
2024-04-23,Tuesday,03:04 PM,ORD1092,19,Chocolate Cake,Dessert,3,5.99,17.97,Online,Alice,New,Dine-in
2024-06-09,Sunday,01:36 PM,ORD1093,6,Lemonade,Drink,1,2.99,2.99,Cash,Bob,New,Dine-in
2024-01-01,Monday,04:58 PM,ORD1094,16,Ice Cream,Dessert,5,3.99,19.95,Card,Alice,New,Takeaway
2024-06-29,Saturday,02:49 PM,ORD1095,8,Ice Cream,Dessert,1,3.99,3.99,Card,Bob,Returning,Dine-in
2024-05-19,Sunday,01:50 PM,ORD1096,5,Caesar Salad,Side,3,6.99,20.97,Cash,Alice,New,Takeaway
2024-06-01,Saturday,07:42 PM,ORD1097,4,Lemonade,Drink,4,2.99,11.96,Card,Carlos,Returning,Takeaway
2024-05-08,Wednesday,07:12 PM,ORD1098,3,Ice Cream,Dessert,4,3.99,15.96,Online,Alice,Returning,Delivery
2024-03-23,Saturday,08:18 PM,ORD1099,3,Lemonade,Drink,1,2.99,2.99,Cash,Alice,Returning,Delivery
2024-01-11,Thursday,12:59 PM,ORD1100,15,Ice Cream,Dessert,5,3.99,19.95,Card,Bob,Returning,Delivery
2024-05-05,Sunday,11:33 AM,ORD1101,14,Ice Cream,Dessert,3,3.99,11.97,Card,Carlos,New,Dine-in
2024-03-25,Monday,05:01 PM,ORD1102,13,Ice Cream,Dessert,3,3.99,11.97,Online,Alice,Returning,Dine-in
2024-03-21,Thursday,02:18 PM,ORD1103,13,Iced Tea,Drink,1,2.79,2.79,Online,Alice,Returning,Takeaway
2024-01-14,Sunday,01:12 PM,ORD1104,16,Iced Tea,Drink,5,2.79,13.95,Online,Diana,New,Dine-in
2024-03-09,Saturday,07:22 PM,ORD1105,15,Caesar Salad,Side,3,6.99,20.97,Online,Diana,New,Dine-in
2024-06-10,Monday,08:23 PM,ORD1106,10,French Fries,Side,2,4.5,9.0,Online,Alice,Returning,Dine-in
2024-02-27,Tuesday,11:56 AM,ORD1107,5,Ice Cream,Dessert,1,3.99,3.99,Card,Carlos,Returning,Takeaway
2024-05-03,Friday,06:03 PM,ORD1108,18,French Fries,Side,4,4.5,18.0,Cash,Diana,New,Delivery
2024-05-10,Friday,12:19 PM,ORD1109,14,Cheeseburger,Main,3,10.49,31.47,Card,Carlos,New,Takeaway
2024-03-17,Sunday,08:01 PM,ORD1110,15,Ice Cream,Dessert,2,3.99,7.98,Online,Diana,Returning,Takeaway
2024-05-21,Tuesday,07:16 PM,ORD1111,11,Chocolate Cake,Dessert,4,5.99,23.96,Cash,Bob,Returning,Dine-in
2024-04-15,Monday,10:44 AM,ORD1112,13,Iced Tea,Drink,4,2.79,11.16,Card,Bob,Returning,Dine-in
2024-02-02,Friday,06:34 PM,ORD1113,15,Iced Tea,Drink,1,2.79,2.79,Cash,Diana,New,Delivery
2024-02-06,Tuesday,04:59 PM,ORD1114,16,Caesar Salad,Side,1,6.99,6.99,Card,Carlos,Returning,Delivery
2024-01-21,Sunday,03:36 PM,ORD1115,16,Chocolate Cake,Dessert,3,5.99,17.97,Online,Alice,New,Dine-in
2024-06-10,Monday,09:40 PM,ORD1116,3,Lemonade,Drink,2,2.99,5.98,Card,Alice,New,Takeaway
2024-02-12,Monday,09:50 PM,ORD1117,2,Lemonade,Drink,1,2.99,2.99,Card,Alice,Returning,Takeaway
2024-04-05,Friday,05:21 PM,ORD1118,17,Caesar Salad,Side,2,6.99,13.98,Card,Bob,New,Dine-in
2024-01-21,Sunday,08:24 PM,ORD1119,8,Chocolate Cake,Dessert,5,5.99,29.95,Card,Bob,New,Takeaway
2024-06-12,Wednesday,02:20 PM,ORD1120,1,Ice Cream,Dessert,3,3.99,11.97,Card,Carlos,New,Dine-in
2024-04-23,Tuesday,03:53 PM,ORD1121,9,Lemonade,Drink,4,2.99,11.96,Card,Carlos,New,Takeaway
2024-05-03,Friday,11:49 AM,ORD1122,19,French Fries,Side,4,4.5,18.0,Card,Carlos,Returning,Dine-in
2024-06-17,Monday,04:45 PM,ORD1123,19,Lemonade,Drink,1,2.99,2.99,Online,Alice,Returning,Takeaway
2024-02-28,Wednesday,08:21 PM,ORD1124,7,Iced Tea,Drink,2,2.79,5.58,Online,Carlos,New,Delivery
2024-01-25,Thursday,08:42 PM,ORD1125,15,Grilled Chicken,Main,3,12.99,38.97,Cash,Carlos,New,Dine-in
2024-03-16,Saturday,03:34 PM,ORD1126,7,Chocolate Cake,Dessert,2,5.99,11.98,Cash,Carlos,Returning,Dine-in
2024-03-06,Wednesday,06:13 PM,ORD1127,4,Lemonade,Drink,3,2.99,8.97,Card,Alice,New,Dine-in
2024-06-22,Saturday,09:30 PM,ORD1128,12,Chocolate Cake,Dessert,5,5.99,29.95,Cash,Diana,New,Takeaway
2024-05-17,Friday,12:06 PM,ORD1129,9,Ice Cream,Dessert,3,3.99,11.97,Online,Diana,Returning,Dine-in
2024-06-21,Friday,01:59 PM,ORD1130,20,Ice Cream,Dessert,1,3.99,3.99,Online,Carlos,New,Delivery
2024-01-17,Wednesday,08:50 PM,ORD1131,14,Ice Cream,Dessert,3,3.99,11.97,Cash,Bob,New,Dine-in
2024-03-18,Monday,06:24 PM,ORD1132,8,Cheeseburger,Main,1,10.49,10.49,Online,Bob,Returning,Takeaway
2024-04-04,Thursday,09:26 PM,ORD1133,5,Chocolate Cake,Dessert,5,5.99,29.95,Card,Alice,Returning,Delivery
2024-04-14,Sunday,02:46 PM,ORD1134,7,Grilled Chicken,Main,3,12.99,38.97,Card,Diana,New,Takeaway
2024-01-26,Friday,09:42 PM,ORD1135,12,Iced Tea,Drink,5,2.79,13.95,Cash,Diana,Returning,Dine-in
2024-02-01,Thursday,05:45 PM,ORD1136,20,Cheeseburger,Main,2,10.49,20.98,Cash,Alice,Returning,Dine-in
2024-02-02,Friday,07:38 PM,ORD1137,18,French Fries,Side,1,4.5,4.5,Cash,Bob,New,Takeaway
2024-02-07,Wednesday,08:10 PM,ORD1138,5,Grilled Chicken,Main,3,12.99,38.97,Cash,Carlos,New,Dine-in
2024-06-18,Tuesday,10:26 AM,ORD1139,12,Caesar Salad,Side,1,6.99,6.99,Cash,Carlos,New,Dine-in
2024-03-08,Friday,10:53 AM,ORD1140,17,Caesar Salad,Side,4,6.99,27.96,Cash,Alice,Returning,Takeaway
2024-04-02,Tuesday,06:45 PM,ORD1141,17,Cheeseburger,Main,4,10.49,41.96,Cash,Alice,Returning,Takeaway
2024-06-13,Thursday,10:31 AM,ORD1142,13,Grilled Chicken,Main,4,12.99,51.96,Card,Alice,Returning,Delivery
2024-04-23,Tuesday,11:15 AM,ORD1143,20,Cheeseburger,Main,3,10.49,31.47,Cash,Alice,New,Takeaway
2024-06-08,Saturday,08:48 PM,ORD1144,20,Iced Tea,Drink,4,2.79,11.16,Online,Carlos,Returning,Delivery
2024-06-03,Monday,05:20 PM,ORD1145,18,Cheeseburger,Main,1,10.49,10.49,Online,Bob,Returning,Takeaway
2024-02-28,Wednesday,05:03 PM,ORD1146,13,Iced Tea,Drink,4,2.79,11.16,Card,Alice,Returning,Takeaway
2024-03-21,Thursday,09:21 PM,ORD1147,5,Lemonade,Drink,3,2.99,8.97,Online,Diana,New,Dine-in
2024-01-22,Monday,11:35 AM,ORD1148,12,Chocolate Cake,Dessert,1,5.99,5.99,Cash,Alice,Returning,Delivery
2024-02-01,Thursday,05:00 PM,ORD1149,2,Iced Tea,Drink,4,2.79,11.16,Card,Carlos,Returning,Dine-in
2024-05-27,Monday,06:39 PM,ORD1150,16,French Fries,Side,2,4.5,9.0,Cash,Alice,Returning,Delivery
2024-04-04,Thursday,11:57 AM,ORD1151,8,Lemonade,Drink,5,2.99,14.95,Card,Alice,Returning,Dine-in
2024-02-16,Friday,02:39 PM,ORD1152,12,Lemonade,Drink,3,2.99,8.97,Cash,Bob,New,Delivery
2024-06-17,Monday,04:50 PM,ORD1153,1,Cheeseburger,Main,2,10.49,20.98,Cash,Bob,Returning,Takeaway
2024-04-26,Friday,03:49 PM,ORD1154,10,Caesar Salad,Side,3,6.99,20.97,Online,Carlos,New,Dine-in
2024-02-09,Friday,12:41 PM,ORD1155,9,Grilled Chicken,Main,1,12.99,12.99,Card,Diana,Returning,Delivery
2024-04-23,Tuesday,05:04 PM,ORD1156,17,Lemonade,Drink,2,2.99,5.98,Cash,Carlos,Returning,Dine-in
2024-03-13,Wednesday,09:34 PM,ORD1157,10,Ice Cream,Dessert,5,3.99,19.95,Cash,Bob,Returning,Delivery
2024-01-15,Monday,10:07 AM,ORD1158,7,French Fries,Side,3,4.5,13.5,Cash,Carlos,Returning,Takeaway
2024-01-31,Wednesday,10:07 AM,ORD1159,6,Ice Cream,Dessert,4,3.99,15.96,Cash,Diana,New,Delivery
2024-05-23,Thursday,09:24 PM,ORD1160,13,Iced Tea,Drink,1,2.79,2.79,Online,Alice,Returning,Dine-in
2024-04-27,Saturday,11:19 AM,ORD1161,14,Iced Tea,Drink,5,2.79,13.95,Online,Diana,Returning,Takeaway
2024-01-30,Tuesday,04:54 PM,ORD1162,6,Grilled Chicken,Main,3,12.99,38.97,Online,Diana,Returning,Dine-in
2024-04-21,Sunday,11:48 AM,ORD1163,19,French Fries,Side,4,4.5,18.0,Card,Alice,Returning,Takeaway
2024-03-27,Wednesday,01:46 PM,ORD1164,3,Iced Tea,Drink,2,2.79,5.58,Online,Alice,New,Takeaway
2024-03-30,Saturday,09:00 PM,ORD1165,4,Caesar Salad,Side,2,6.99,13.98,Cash,Carlos,New,Dine-in
2024-06-03,Monday,12:36 PM,ORD1166,16,Cheeseburger,Main,2,10.49,20.98,Card,Diana,Returning,Delivery
2024-03-21,Thursday,12:34 PM,ORD1167,16,Ice Cream,Dessert,1,3.99,3.99,Card,Carlos,Returning,Delivery
2024-01-15,Monday,04:00 PM,ORD1168,15,Cheeseburger,Main,3,10.49,31.47,Card,Alice,New,Takeaway
2024-03-14,Thursday,11:18 AM,ORD1169,20,Cheeseburger,Main,5,10.49,52.45,Online,Diana,Returning,Delivery
2024-05-21,Tuesday,10:42 AM,ORD1170,7,Ice Cream,Dessert,5,3.99,19.95,Card,Diana,New,Dine-in
2024-04-25,Thursday,11:45 AM,ORD1171,17,Iced Tea,Drink,1,2.79,2.79,Online,Bob,New,Dine-in
2024-04-22,Monday,05:29 PM,ORD1172,12,Caesar Salad,Side,3,6.99,20.97,Card,Diana,Returning,Takeaway
2024-06-22,Saturday,08:12 PM,ORD1173,3,Grilled Chicken,Main,3,12.99,38.97,Card,Alice,Returning,Takeaway
2024-03-05,Tuesday,09:12 PM,ORD1174,3,Caesar Salad,Side,3,6.99,20.97,Online,Bob,Returning,Takeaway
2024-06-16,Sunday,09:55 PM,ORD1175,20,Chocolate Cake,Dessert,2,5.99,11.98,Online,Alice,Returning,Delivery
2024-04-06,Saturday,08:58 PM,ORD1176,17,Iced Tea,Drink,2,2.79,5.58,Cash,Diana,Returning,Dine-in
2024-04-02,Tuesday,03:16 PM,ORD1177,11,Caesar Salad,Side,2,6.99,13.98,Card,Bob,New,Dine-in
2024-02-09,Friday,11:19 AM,ORD1178,17,Lemonade,Drink,1,2.99,2.99,Online,Alice,Returning,Delivery
2024-02-03,Saturday,08:11 PM,ORD1179,6,Chocolate Cake,Dessert,2,5.99,11.98,Cash,Bob,Returning,Dine-in
2024-04-15,Monday,04:13 PM,ORD1180,20,French Fries,Side,4,4.5,18.0,Card,Diana,New,Delivery
2024-03-02,Saturday,03:16 PM,ORD1181,12,Ice Cream,Dessert,2,3.99,7.98,Online,Diana,Returning,Takeaway
2024-04-07,Sunday,06:34 PM,ORD1182,7,Chocolate Cake,Dessert,2,5.99,11.98,Online,Bob,Returning,Dine-in
2024-06-13,Thursday,06:12 PM,ORD1183,4,Iced Tea,Drink,5,2.79,13.95,Online,Alice,Returning,Dine-in
2024-02-11,Sunday,02:39 PM,ORD1184,5,Ice Cream,Dessert,5,3.99,19.95,Card,Alice,New,Takeaway
2024-03-30,Saturday,10:27 AM,ORD1185,13,Chocolate Cake,Dessert,1,5.99,5.99,Online,Carlos,New,Takeaway
2024-01-21,Sunday,04:23 PM,ORD1186,11,French Fries,Side,1,4.5,4.5,Cash,Carlos,New,Dine-in
2024-01-10,Wednesday,02:53 PM,ORD1187,16,Ice Cream,Dessert,2,3.99,7.98,Card,Alice,New,Dine-in
2024-03-06,Wednesday,01:40 PM,ORD1188,20,Caesar Salad,Side,5,6.99,34.95,Online,Diana,New,Takeaway
2024-03-01,Friday,03:08 PM,ORD1189,8,Cheeseburger,Main,1,10.49,10.49,Card,Diana,New,Dine-in
2024-05-07,Tuesday,08:11 PM,ORD1190,19,Grilled Chicken,Main,5,12.99,64.95,Cash,Bob,Returning,Takeaway
2024-01-01,Monday,08:29 PM,ORD1191,19,Iced Tea,Drink,2,2.79,5.58,Card,Bob,New,Delivery
2024-04-02,Tuesday,11:09 AM,ORD1192,16,Grilled Chicken,Main,4,12.99,51.96,Cash,Diana,Returning,Takeaway
2024-01-05,Friday,04:05 PM,ORD1193,8,Cheeseburger,Main,3,10.49,31.47,Online,Alice,Returning,Dine-in
2024-01-12,Friday,04:00 PM,ORD1194,15,Iced Tea,Drink,2,2.79,5.58,Online,Diana,New,Dine-in
2024-01-17,Wednesday,05:48 PM,ORD1195,7,Grilled Chicken,Main,3,12.99,38.97,Cash,Bob,New,Takeaway
2024-03-20,Wednesday,06:47 PM,ORD1196,16,Chocolate Cake,Dessert,5,5.99,29.95,Card,Alice,New,Takeaway
2024-04-01,Monday,10:48 AM,ORD1197,4,Iced Tea,Drink,3,2.79,8.37,Card,Diana,Returning,Delivery
2024-04-22,Monday,04:35 PM,ORD1198,16,Iced Tea,Drink,2,2.79,5.58,Online,Diana,Returning,Delivery
2024-03-09,Saturday,11:24 AM,ORD1199,14,Chocolate Cake,Dessert,1,5.99,5.99,Online,Bob,Returning,Takeaway
2024-05-11,Saturday,02:44 PM,ORD1200,16,Mozzarella Sticks,Side,4,4.99,19.96,Card,Alice,New,Delivery
2024-04-27,Saturday,08:50 PM,ORD1201,18,Mozzarella Sticks,Side,1,4.99,4.99,Card,Bob,Returning,Dine-in
2024-05-06,Monday,02:34 PM,ORD1202,11,Garlic Bread,Side,3,3.49,10.47,Online,Bob,Returning,Takeaway
2024-06-23,Sunday,10:49 AM,ORD1203,15,Cheeseburger,Main,1,10.49,10.49,Cash,Alice,New,Takeaway
2024-04-26,Friday,10:00 AM,ORD1204,5,Coffee,Drink,2,2.5,5.0,Online,Carlos,New,Takeaway
2024-01-24,Wednesday,09:10 PM,ORD1205,3,Mozzarella Sticks,Side,3,4.99,14.97,Card,Bob,New,Takeaway
2024-06-09,Sunday,03:12 PM,ORD1206,3,Ice Cream,Dessert,4,3.99,15.96,Online,Alice,New,Dine-in
2024-05-02,Thursday,11:19 AM,ORD1207,8,Lemonade,Drink,5,2.99,14.95,Online,Diana,New,Dine-in
2024-06-27,Thursday,03:51 PM,ORD1208,5,French Fries,Side,4,4.5,18.0,Card,Alice,New,Takeaway
2024-01-23,Tuesday,11:44 AM,ORD1209,12,French Fries,Side,3,4.5,13.5,Card,Bob,Returning,Dine-in
2024-06-13,Thursday,09:33 PM,ORD1210,17,Lemonade,Drink,1,2.99,2.99,Online,Alice,New,Takeaway
2024-03-30,Saturday,01:38 PM,ORD1211,20,Lemonade,Drink,4,2.99,11.96,Online,Diana,New,Dine-in
2024-01-26,Friday,12:23 PM,ORD1212,13,French Fries,Side,5,4.5,22.5,Card,Diana,Returning,Dine-in
2024-03-04,Monday,02:43 PM,ORD1213,18,Caesar Salad,Side,2,6.99,13.98,Online,Carlos,New,Delivery
2024-03-18,Monday,01:30 PM,ORD1214,17,Fish Tacos,Main,5,12.59,62.95,Cash,Diana,Returning,Delivery
2024-01-14,Sunday,02:05 PM,ORD1215,4,Apple Pie,Dessert,4,4.79,19.16,Cash,Diana,New,Delivery
2024-01-04,Thursday,04:09 PM,ORD1216,13,Garlic Bread,Side,2,3.49,6.98,Online,Diana,Returning,Delivery
2024-06-23,Sunday,12:56 PM,ORD1217,1,Apple Pie,Dessert,1,4.79,4.79,Online,Alice,New,Takeaway
2024-02-25,Sunday,10:40 AM,ORD1218,17,Cheeseburger,Main,4,10.49,41.96,Card,Diana,Returning,Delivery
2024-04-12,Friday,11:24 AM,ORD1219,20,Chicken Wings,Side,5,8.99,44.95,Cash,Carlos,New,Takeaway
2024-01-21,Sunday,06:43 PM,ORD1220,18,Chocolate Cake,Dessert,2,5.99,11.98,Card,Diana,New,Takeaway
2024-06-27,Thursday,05:27 PM,ORD1221,8,Ice Cream,Dessert,1,3.99,3.99,Cash,Diana,New,Takeaway
2024-06-05,Wednesday,08:23 PM,ORD1222,6,Cheeseburger,Main,3,10.49,31.47,Cash,Alice,New,Delivery
2024-01-03,Wednesday,12:47 PM,ORD1223,17,Apple Pie,Dessert,3,4.79,14.37,Online,Carlos,New,Takeaway
2024-02-02,Friday,02:35 PM,ORD1224,11,French Fries,Side,1,4.5,4.5,Card,Carlos,New,Takeaway
2024-05-27,Monday,08:42 PM,ORD1225,15,Caesar Salad,Side,4,6.99,27.96,Online,Carlos,New,Takeaway
2024-05-25,Saturday,12:50 PM,ORD1226,9,Mozzarella Sticks,Side,2,4.99,9.98,Cash,Alice,New,Delivery
2024-05-10,Friday,10:02 AM,ORD1227,8,Cheeseburger,Main,1,10.49,10.49,Cash,Diana,Returning,Takeaway
2024-02-08,Thursday,01:03 PM,ORD1228,14,Cheeseburger,Main,5,10.49,52.45,Cash,Carlos,New,Takeaway
2024-03-22,Friday,02:37 PM,ORD1229,12,Caesar Salad,Side,5,6.99,34.95,Cash,Alice,New,Dine-in
2024-05-12,Sunday,10:47 AM,ORD1230,15,Orange Juice,Drink,1,3.29,3.29,Card,Carlos,Returning,Dine-in
2024-05-21,Tuesday,05:47 PM,ORD1231,7,Grilled Chicken,Main,3,12.99,38.97,Card,Carlos,New,Takeaway
2024-04-04,Thursday,08:05 PM,ORD1232,18,Apple Pie,Dessert,2,4.79,9.58,Cash,Bob,New,Takeaway
2024-01-07,Sunday,01:58 PM,ORD1233,1,Chicken Wings,Side,3,8.99,26.97,Card,Alice,Returning,Delivery
2024-03-19,Tuesday,11:46 AM,ORD1234,8,Chocolate Cake,Dessert,5,5.99,29.95,Card,Diana,New,Dine-in
2024-03-12,Tuesday,11:35 AM,ORD1235,17,Cheeseburger,Main,2,10.49,20.98,Card,Carlos,Returning,Delivery
2024-01-22,Monday,07:54 PM,ORD1236,5,French Fries,Side,5,4.5,22.5,Online,Diana,New,Delivery
2024-05-25,Saturday,11:03 AM,ORD1237,8,Coffee,Drink,2,2.5,5.0,Card,Carlos,Returning,Takeaway
2024-06-28,Friday,03:34 PM,ORD1238,9,Garlic Bread,Side,4,3.49,13.96,Cash,Alice,New,Dine-in
2024-05-29,Wednesday,11:51 AM,ORD1239,6,Lemonade,Drink,1,2.99,2.99,Card,Diana,Returning,Takeaway
2024-01-31,Wednesday,07:08 PM,ORD1240,15,Mozzarella Sticks,Side,2,4.99,9.98,Card,Diana,Returning,Dine-in
2024-01-24,Wednesday,12:41 PM,ORD1241,2,Spaghetti Bolognese,Main,5,13.49,67.45,Cash,Carlos,New,Dine-in
2024-03-04,Monday,04:04 PM,ORD1242,2,Orange Juice,Drink,5,3.29,16.45,Online,Carlos,Returning,Dine-in
2024-01-08,Monday,04:54 PM,ORD1243,18,Tiramisu,Dessert,5,6.49,32.45,Cash,Alice,Returning,Dine-in
2024-02-05,Monday,12:04 PM,ORD1244,8,Grilled Chicken,Main,1,12.99,12.99,Cash,Bob,Returning,Takeaway
2024-06-24,Monday,08:45 PM,ORD1245,19,Caesar Salad,Side,5,6.99,34.95,Card,Alice,New,Dine-in
2024-02-20,Tuesday,09:01 PM,ORD1246,3,Tiramisu,Dessert,2,6.49,12.98,Card,Alice,New,Takeaway
2024-01-13,Saturday,12:52 PM,ORD1247,16,Coffee,Drink,4,2.5,10.0,Cash,Diana,Returning,Dine-in
2024-03-31,Sunday,01:39 PM,ORD1248,9,Iced Tea,Drink,3,2.79,8.37,Card,Bob,New,Delivery
2024-06-07,Friday,08:31 PM,ORD1249,16,Ice Cream,Dessert,3,3.99,11.97,Card,Diana,New,Dine-in
2024-03-12,Tuesday,04:32 PM,ORD1250,7,Lemonade,Drink,4,2.99,11.96,Online,Bob,New,Takeaway
2024-04-01,Monday,06:11 PM,ORD1251,12,Chicken Wings,Side,4,8.99,35.96,Online,Carlos,Returning,Takeaway
2024-02-16,Friday,10:26 AM,ORD1252,8,Garlic Bread,Side,5,3.49,17.45,Cash,Carlos,New,Takeaway
2024-05-15,Wednesday,04:06 PM,ORD1253,4,Ice Cream,Dessert,2,3.99,7.98,Cash,Bob,Returning,Delivery
2024-01-15,Monday,01:44 PM,ORD1254,6,Orange Juice,Drink,3,3.29,9.87,Cash,Bob,Returning,Delivery
2024-06-27,Thursday,04:07 PM,ORD1255,19,Grilled Chicken,Main,3,12.99,38.97,Online,Bob,New,Takeaway
2024-05-18,Saturday,03:16 PM,ORD1256,2,Iced Tea,Drink,4,2.79,11.16,Cash,Alice,New,Delivery
2024-02-26,Monday,10:20 AM,ORD1257,1,Fish Tacos,Main,4,12.59,50.36,Card,Bob,New,Takeaway
2024-02-15,Thursday,03:31 PM,ORD1258,5,Cheeseburger,Main,1,10.49,10.49,Online,Bob,New,Delivery
2024-04-03,Wednesday,11:14 AM,ORD1259,19,Mozzarella Sticks,Side,4,4.99,19.96,Cash,Carlos,Returning,Takeaway
2024-02-04,Sunday,12:41 PM,ORD1260,11,Coffee,Drink,4,2.5,10.0,Cash,Carlos,New,Delivery
2024-05-30,Thursday,12:59 PM,ORD1261,10,Orange Juice,Drink,3,3.29,9.87,Cash,Bob,New,Delivery
2024-05-26,Sunday,04:40 PM,ORD1262,20,Cheeseburger,Main,2,10.49,20.98,Card,Bob,New,Takeaway
2024-02-06,Tuesday,03:39 PM,ORD1263,12,Caesar Salad,Side,2,6.99,13.98,Card,Bob,New,Delivery
2024-06-20,Thursday,08:54 PM,ORD1264,1,Garlic Bread,Side,4,3.49,13.96,Card,Bob,New,Delivery
2024-01-18,Thursday,03:58 PM,ORD1265,1,Veggie Pizza,Main,1,11.99,11.99,Cash,Diana,Returning,Delivery
2024-04-17,Wednesday,12:50 PM,ORD1266,13,Coffee,Drink,4,2.5,10.0,Card,Diana,New,Takeaway
2024-05-27,Monday,09:06 PM,ORD1267,15,Ice Cream,Dessert,2,3.99,7.98,Cash,Alice,Returning,Dine-in
2024-03-22,Friday,02:27 PM,ORD1268,11,French Fries,Side,1,4.5,4.5,Cash,Diana,New,Delivery
2024-01-20,Saturday,07:20 PM,ORD1269,20,Caesar Salad,Side,3,6.99,20.97,Online,Diana,New,Takeaway
2024-06-16,Sunday,12:48 PM,ORD1270,2,Coffee,Drink,2,2.5,5.0,Cash,Carlos,New,Dine-in
2024-04-14,Sunday,09:53 PM,ORD1271,9,Chicken Wings,Side,5,8.99,44.95,Online,Carlos,Returning,Dine-in
2024-01-25,Thursday,10:50 AM,ORD1272,18,Orange Juice,Drink,5,3.29,16.45,Card,Bob,New,Takeaway
2024-01-01,Monday,05:17 PM,ORD1273,20,Caesar Salad,Side,3,6.99,20.97,Card,Bob,New,Dine-in
2024-02-22,Thursday,12:54 PM,ORD1274,16,Spaghetti Bolognese,Main,1,13.49,13.49,Cash,Carlos,Returning,Takeaway
2024-05-05,Sunday,09:16 PM,ORD1275,18,Veggie Pizza,Main,1,11.99,11.99,Card,Bob,Returning,Takeaway
2024-04-04,Thursday,01:11 PM,ORD1276,9,Tiramisu,Dessert,1,6.49,6.49,Card,Diana,Returning,Dine-in
2024-03-09,Saturday,07:37 PM,ORD1277,4,Cheeseburger,Main,2,10.49,20.98,Cash,Carlos,Returning,Delivery
2024-02-28,Wednesday,07:26 PM,ORD1278,17,Cheeseburger,Main,4,10.49,41.96,Card,Diana,New,Takeaway
2024-03-17,Sunday,11:20 AM,ORD1279,17,Orange Juice,Drink,1,3.29,3.29,Online,Bob,New,Takeaway
2024-02-14,Wednesday,12:51 PM,ORD1280,5,Chocolate Cake,Dessert,2,5.99,11.98,Cash,Diana,New,Delivery
2024-04-21,Sunday,01:26 PM,ORD1281,9,Lemonade,Drink,5,2.99,14.95,Card,Alice,New,Takeaway
2024-05-22,Wednesday,04:46 PM,ORD1282,9,Chicken Wings,Side,3,8.99,26.97,Online,Diana,New,Delivery
2024-06-08,Saturday,08:01 PM,ORD1283,4,Fish Tacos,Main,4,12.59,50.36,Card,Bob,New,Delivery
2024-05-30,Thursday,07:56 PM,ORD1284,19,French Fries,Side,1,4.5,4.5,Cash,Carlos,Returning,Takeaway
2024-03-08,Friday,04:32 PM,ORD1285,20,Apple Pie,Dessert,5,4.79,23.95,Card,Alice,New,Takeaway
2024-04-13,Saturday,12:27 PM,ORD1286,13,Orange Juice,Drink,1,3.29,3.29,Card,Bob,New,Delivery
2024-05-01,Wednesday,02:35 PM,ORD1287,11,Mozzarella Sticks,Side,1,4.99,4.99,Card,Carlos,Returning,Takeaway
2024-06-27,Thursday,09:41 PM,ORD1288,5,French Fries,Side,2,4.5,9.0,Card,Diana,Returning,Takeaway
2024-04-16,Tuesday,08:19 PM,ORD1289,15,Caesar Salad,Side,2,6.99,13.98,Cash,Diana,Returning,Delivery
2024-04-05,Friday,10:57 AM,ORD1290,3,Fish Tacos,Main,2,12.59,25.18,Card,Diana,New,Delivery
2024-05-25,Saturday,10:29 AM,ORD1291,7,Iced Tea,Drink,2,2.79,5.58,Cash,Bob,New,Takeaway
2024-01-13,Saturday,04:09 PM,ORD1292,12,Chocolate Cake,Dessert,3,5.99,17.97,Card,Diana,New,Delivery
2024-01-08,Monday,02:07 PM,ORD1293,20,Mozzarella Sticks,Side,4,4.99,19.96,Card,Bob,Returning,Delivery
2024-05-21,Tuesday,03:58 PM,ORD1294,9,Mozzarella Sticks,Side,2,4.99,9.98,Online,Alice,Returning,Dine-in
2024-04-08,Monday,10:50 AM,ORD1295,7,Iced Tea,Drink,5,2.79,13.95,Cash,Bob,New,Takeaway
2024-06-15,Saturday,04:59 PM,ORD1296,1,Fish Tacos,Main,1,12.59,12.59,Card,Bob,New,Delivery
2024-01-03,Wednesday,01:49 PM,ORD1297,10,Veggie Pizza,Main,5,11.99,59.95,Online,Carlos,Returning,Takeaway
2024-03-30,Saturday,05:50 PM,ORD1298,15,Veggie Pizza,Main,2,11.99,23.98,Card,Diana,New,Dine-in
2024-05-10,Friday,09:18 PM,ORD1299,20,Mozzarella Sticks,Side,5,4.99,24.95,Online,Carlos,Returning,Delivery
2024-01-28,Sunday,06:13 PM,ORD1300,9,Caesar Salad,Side,3,6.99,20.97,Online,Carlos,Returning,Takeaway
2024-06-16,Sunday,09:07 PM,ORD1301,5,Spaghetti Bolognese,Main,2,13.49,26.98,Online,Bob,New,Delivery
2024-04-13,Saturday,09:16 PM,ORD1302,1,Garlic Bread,Side,2,3.49,6.98,Online,Diana,Returning,Takeaway
2024-04-17,Wednesday,04:54 PM,ORD1303,19,Orange Juice,Drink,1,3.29,3.29,Online,Bob,Returning,Delivery
2024-02-26,Monday,09:42 PM,ORD1304,12,Chicken Wings,Side,4,8.99,35.96,Online,Carlos,New,Delivery
2024-05-22,Wednesday,01:05 PM,ORD1305,16,Spaghetti Bolognese,Main,1,13.49,13.49,Cash,Carlos,New,Delivery
2024-03-26,Tuesday,09:10 PM,ORD1306,12,Caesar Salad,Side,2,6.99,13.98,Cash,Carlos,Returning,Takeaway
2024-04-05,Friday,02:26 PM,ORD1307,4,Spaghetti Bolognese,Main,4,13.49,53.96,Card,Alice,New,Takeaway
2024-02-19,Monday,06:32 PM,ORD1308,17,French Fries,Side,4,4.5,18.0,Card,Diana,New,Dine-in
2024-02-05,Monday,01:25 PM,ORD1309,19,Garlic Bread,Side,4,3.49,13.96,Card,Bob,Returning,Delivery
2024-02-16,Friday,11:22 AM,ORD1310,6,Apple Pie,Dessert,3,4.79,14.37,Card,Alice,New,Takeaway
2024-03-11,Monday,01:34 PM,ORD1311,6,Iced Tea,Drink,5,2.79,13.95,Card,Alice,New,Delivery
2024-04-21,Sunday,08:48 PM,ORD1312,14,Coffee,Drink,4,2.5,10.0,Card,Diana,New,Dine-in
2024-05-16,Thursday,01:24 PM,ORD1313,11,Mozzarella Sticks,Side,1,4.99,4.99,Online,Bob,New,Delivery
2024-01-02,Tuesday,08:41 PM,ORD1314,12,Ice Cream,Dessert,2,3.99,7.98,Card,Bob,New,Takeaway
2024-05-08,Wednesday,08:02 PM,ORD1315,3,Spaghetti Bolognese,Main,2,13.49,26.98,Cash,Carlos,Returning,Takeaway
2024-05-13,Monday,08:10 PM,ORD1316,14,Fish Tacos,Main,3,12.59,37.77,Online,Bob,Returning,Takeaway
2024-04-01,Monday,01:12 PM,ORD1317,1,Iced Tea,Drink,4,2.79,11.16,Cash,Bob,New,Dine-in
2024-01-06,Saturday,08:03 PM,ORD1318,4,Fish Tacos,Main,2,12.59,25.18,Card,Alice,Returning,Delivery
2024-03-06,Wednesday,07:07 PM,ORD1319,2,Cheeseburger,Main,5,10.49,52.45,Online,Alice,New,Dine-in
2024-06-25,Tuesday,11:58 AM,ORD1320,13,Coffee,Drink,4,2.5,10.0,Cash,Carlos,Returning,Delivery
2024-02-09,Friday,01:30 PM,ORD1321,14,Grilled Chicken,Main,3,12.99,38.97,Online,Alice,Returning,Delivery
2024-06-04,Tuesday,09:57 PM,ORD1322,4,Lemonade,Drink,4,2.99,11.96,Online,Alice,Returning,Dine-in
2024-01-28,Sunday,06:29 PM,ORD1323,7,Chocolate Cake,Dessert,5,5.99,29.95,Card,Bob,Returning,Delivery
2024-04-14,Sunday,03:02 PM,ORD1324,18,Iced Tea,Drink,1,2.79,2.79,Card,Bob,Returning,Takeaway
2024-03-01,Friday,10:02 AM,ORD1325,4,Grilled Chicken,Main,1,12.99,12.99,Online,Diana,New,Dine-in
2024-05-10,Friday,11:16 AM,ORD1326,8,French Fries,Side,3,4.5,13.5,Card,Carlos,Returning,Takeaway
2024-01-13,Saturday,11:42 AM,ORD1327,10,Iced Tea,Drink,1,2.79,2.79,Card,Carlos,Returning,Delivery
2024-01-30,Tuesday,11:37 AM,ORD1328,5,Cheeseburger,Main,1,10.49,10.49,Online,Bob,Returning,Takeaway
2024-04-22,Monday,08:36 PM,ORD1329,12,Veggie Pizza,Main,1,11.99,11.99,Card,Bob,New,Takeaway
2024-04-12,Friday,05:47 PM,ORD1330,16,Veggie Pizza,Main,4,11.99,47.96,Card,Bob,New,Dine-in
2024-06-27,Thursday,11:00 AM,ORD1331,14,Iced Tea,Drink,1,2.79,2.79,Online,Diana,Returning,Dine-in
2024-06-05,Wednesday,04:28 PM,ORD1332,1,Mozzarella Sticks,Side,5,4.99,24.95,Online,Bob,Returning,Takeaway
2024-01-29,Monday,05:01 PM,ORD1333,3,Tiramisu,Dessert,1,6.49,6.49,Card,Carlos,New,Delivery
2024-06-22,Saturday,06:57 PM,ORD1334,17,Ice Cream,Dessert,3,3.99,11.97,Online,Alice,Returning,Delivery
2024-03-04,Monday,06:13 PM,ORD1335,5,Mozzarella Sticks,Side,4,4.99,19.96,Online,Alice,New,Delivery
2024-02-10,Saturday,06:37 PM,ORD1336,6,Apple Pie,Dessert,4,4.79,19.16,Cash,Diana,Returning,Dine-in
2024-03-25,Monday,02:44 PM,ORD1337,8,Cheeseburger,Main,5,10.49,52.45,Online,Diana,Returning,Dine-in
2024-01-21,Sunday,05:50 PM,ORD1338,15,Tiramisu,Dessert,5,6.49,32.45,Cash,Diana,Returning,Takeaway
2024-01-31,Wednesday,06:29 PM,ORD1339,13,Grilled Chicken,Main,1,12.99,12.99,Card,Alice,New,Dine-in
2024-06-03,Monday,08:33 PM,ORD1340,18,Spaghetti Bolognese,Main,5,13.49,67.45,Cash,Diana,Returning,Takeaway
2024-01-14,Sunday,01:48 PM,ORD1341,18,Tiramisu,Dessert,3,6.49,19.47,Online,Diana,Returning,Delivery
2024-04-25,Thursday,11:56 AM,ORD1342,1,French Fries,Side,2,4.5,9.0,Card,Carlos,Returning,Delivery
2024-05-13,Monday,04:22 PM,ORD1343,6,French Fries,Side,1,4.5,4.5,Card,Bob,Returning,Dine-in
2024-03-06,Wednesday,08:25 PM,ORD1344,4,Chocolate Cake,Dessert,2,5.99,11.98,Card,Bob,Returning,Dine-in
2024-03-27,Wednesday,11:50 AM,ORD1345,19,Coffee,Drink,1,2.5,2.5,Cash,Diana,Returning,Delivery
2024-05-30,Thursday,06:36 PM,ORD1346,1,Lemonade,Drink,4,2.99,11.96,Online,Alice,Returning,Delivery
2024-05-03,Friday,06:40 PM,ORD1347,6,Iced Tea,Drink,5,2.79,13.95,Online,Bob,New,Takeaway
2024-06-17,Monday,08:14 PM,ORD1348,13,Garlic Bread,Side,5,3.49,17.45,Card,Bob,Returning,Takeaway
2024-03-28,Thursday,03:01 PM,ORD1349,5,Tiramisu,Dessert,2,6.49,12.98,Card,Carlos,Returning,Delivery
2024-05-21,Tuesday,08:47 PM,ORD1350,7,Chocolate Cake,Dessert,2,5.99,11.98,Online,Carlos,Returning,Delivery
2024-02-03,Saturday,09:05 PM,ORD1351,18,Iced Tea,Drink,5,2.79,13.95,Online,Carlos,New,Takeaway
2024-05-23,Thursday,06:11 PM,ORD1352,10,Coffee,Drink,5,2.5,12.5,Card,Alice,New,Dine-in
2024-04-07,Sunday,12:28 PM,ORD1353,7,Cheeseburger,Main,1,10.49,10.49,Card,Bob,Returning,Delivery
2024-03-05,Tuesday,12:29 PM,ORD1354,7,Cheeseburger,Main,3,10.49,31.47,Online,Alice,Returning,Takeaway
2024-01-27,Saturday,08:30 PM,ORD1355,18,Chicken Wings,Side,2,8.99,17.98,Card,Bob,Returning,Delivery
2024-06-19,Wednesday,10:48 AM,ORD1356,14,Orange Juice,Drink,4,3.29,13.16,Online,Carlos,New,Dine-in
2024-03-05,Tuesday,01:27 PM,ORD1357,12,Tiramisu,Dessert,2,6.49,12.98,Online,Bob,New,Takeaway
2024-04-24,Wednesday,01:01 PM,ORD1358,6,Caesar Salad,Side,2,6.99,13.98,Online,Alice,Returning,Dine-in
2024-04-19,Friday,02:45 PM,ORD1359,5,Chicken Wings,Side,3,8.99,26.97,Cash,Carlos,New,Takeaway
2024-04-29,Monday,12:38 PM,ORD1360,11,Cheeseburger,Main,2,10.49,20.98,Online,Alice,Returning,Takeaway
2024-05-26,Sunday,07:23 PM,ORD1361,11,Mozzarella Sticks,Side,1,4.99,4.99,Online,Bob,New,Delivery
2024-01-18,Thursday,06:37 PM,ORD1362,18,Iced Tea,Drink,4,2.79,11.16,Online,Diana,New,Takeaway
2024-02-26,Monday,01:38 PM,ORD1363,12,Garlic Bread,Side,3,3.49,10.47,Card,Bob,Returning,Delivery
2024-06-15,Saturday,10:09 AM,ORD1364,15,French Fries,Side,3,4.5,13.5,Cash,Bob,New,Delivery
2024-03-23,Saturday,04:30 PM,ORD1365,9,French Fries,Side,4,4.5,18.0,Online,Carlos,New,Delivery
2024-04-05,Friday,06:46 PM,ORD1366,16,Fish Tacos,Main,4,12.59,50.36,Cash,Carlos,New,Takeaway
2024-05-11,Saturday,11:24 AM,ORD1367,18,French Fries,Side,2,4.5,9.0,Online,Alice,New,Dine-in
2024-06-20,Thursday,08:44 PM,ORD1368,4,Chocolate Cake,Dessert,4,5.99,23.96,Cash,Diana,New,Delivery
2024-06-24,Monday,12:37 PM,ORD1369,11,Grilled Chicken,Main,4,12.99,51.96,Cash,Alice,New,Dine-in
2024-02-15,Thursday,02:17 PM,ORD1370,19,Chicken Wings,Side,1,8.99,8.99,Cash,Carlos,Returning,Takeaway
2024-04-25,Thursday,08:45 PM,ORD1371,11,Orange Juice,Drink,4,3.29,13.16,Cash,Diana,New,Delivery
2024-01-02,Tuesday,08:56 PM,ORD1372,2,Caesar Salad,Side,5,6.99,34.95,Online,Alice,Returning,Delivery
2024-01-28,Sunday,02:56 PM,ORD1373,3,Spaghetti Bolognese,Main,5,13.49,67.45,Card,Diana,Returning,Takeaway
2024-06-18,Tuesday,10:31 AM,ORD1374,18,Apple Pie,Dessert,2,4.79,9.58,Cash,Bob,Returning,Delivery
2024-03-16,Saturday,08:49 PM,ORD1375,12,Lemonade,Drink,3,2.99,8.97,Cash,Bob,New,Dine-in
2024-01-02,Tuesday,07:46 PM,ORD1376,18,Orange Juice,Drink,5,3.29,16.45,Cash,Carlos,New,Delivery
2024-03-29,Friday,01:36 PM,ORD1377,5,Coffee,Drink,5,2.5,12.5,Cash,Bob,New,Delivery
2024-03-05,Tuesday,01:18 PM,ORD1378,19,French Fries,Side,2,4.5,9.0,Cash,Diana,New,Takeaway
2024-06-20,Thursday,11:08 AM,ORD1379,7,Veggie Pizza,Main,1,11.99,11.99,Online,Diana,Returning,Takeaway
2024-02-02,Friday,09:27 PM,ORD1380,10,Ice Cream,Dessert,1,3.99,3.99,Online,Alice,New,Takeaway
2024-05-04,Saturday,05:41 PM,ORD1381,10,Garlic Bread,Side,5,3.49,17.45,Online,Bob,Returning,Takeaway
2024-04-19,Friday,12:52 PM,ORD1382,8,Grilled Chicken,Main,3,12.99,38.97,Cash,Diana,Returning,Takeaway
2024-02-04,Sunday,09:35 PM,ORD1383,15,Garlic Bread,Side,4,3.49,13.96,Card,Carlos,Returning,Takeaway
2024-05-21,Tuesday,11:51 AM,ORD1384,3,Iced Tea,Drink,5,2.79,13.95,Card,Bob,New,Takeaway
2024-06-09,Sunday,11:18 AM,ORD1385,17,Caesar Salad,Side,1,6.99,6.99,Online,Alice,Returning,Delivery
2024-02-24,Saturday,10:37 AM,ORD1386,18,Chicken Wings,Side,3,8.99,26.97,Online,Diana,New,Takeaway
2024-04-10,Wednesday,01:48 PM,ORD1387,15,Spaghetti Bolognese,Main,2,13.49,26.98,Online,Alice,Returning,Takeaway
2024-05-08,Wednesday,10:10 AM,ORD1388,6,Ice Cream,Dessert,5,3.99,19.95,Online,Bob,Returning,Dine-in
2024-02-15,Thursday,07:39 PM,ORD1389,12,Lemonade,Drink,4,2.99,11.96,Cash,Bob,Returning,Dine-in
2024-01-17,Wednesday,02:30 PM,ORD1390,2,Mozzarella Sticks,Side,2,4.99,9.98,Online,Bob,Returning,Takeaway
2024-04-30,Tuesday,05:45 PM,ORD1391,11,Cheeseburger,Main,1,10.49,10.49,Cash,Carlos,Returning,Delivery
2024-05-19,Sunday,07:43 PM,ORD1392,13,Iced Tea,Drink,4,2.79,11.16,Card,Alice,Returning,Takeaway
2024-02-27,Tuesday,06:48 PM,ORD1393,12,Orange Juice,Drink,3,3.29,9.87,Card,Diana,New,Delivery
2024-02-05,Monday,05:30 PM,ORD1394,3,Iced Tea,Drink,2,2.79,5.58,Online,Carlos,New,Dine-in
2024-02-17,Saturday,12:41 PM,ORD1395,4,Mozzarella Sticks,Side,5,4.99,24.95,Online,Bob,Returning,Takeaway
2024-01-30,Tuesday,06:13 PM,ORD1396,7,Apple Pie,Dessert,4,4.79,19.16,Online,Bob,Returning,Dine-in
2024-03-03,Sunday,10:44 AM,ORD1397,19,Lemonade,Drink,5,2.99,14.95,Cash,Bob,New,Delivery
2024-02-07,Wednesday,10:57 AM,ORD1398,6,Iced Tea,Drink,3,2.79,8.37,Online,Diana,New,Delivery
2024-06-18,Tuesday,02:50 PM,ORD1399,15,Caesar Salad,Side,2,6.99,13.98,Online,Diana,Returning,Dine-in
2024-02-26,Monday,05:00 PM,ORD1400,6,Lemonade,Drink,5,2.99,14.95,Online,Carlos,New,Delivery
2024-06-24,Monday,03:50 PM,ORD1401,19,Tiramisu,Dessert,5,6.49,32.45,Cash,Bob,Returning,Takeaway
2024-02-03,Saturday,11:51 AM,ORD1402,17,Grilled Chicken,Main,2,12.99,25.98,Online,Diana,New,Delivery
2024-01-25,Thursday,01:01 PM,ORD1403,20,Apple Pie,Dessert,5,4.79,23.95,Cash,Alice,New,Takeaway
2024-06-17,Monday,12:13 PM,ORD1404,14,Chicken Wings,Side,1,8.99,8.99,Online,Diana,Returning,Dine-in
2024-06-27,Thursday,07:02 PM,ORD1405,16,Coffee,Drink,2,2.5,5.0,Card,Carlos,New,Takeaway
2024-02-04,Sunday,02:20 PM,ORD1406,3,Apple Pie,Dessert,2,4.79,9.58,Card,Diana,Returning,Dine-in
2024-01-02,Tuesday,10:07 AM,ORD1407,17,Fish Tacos,Main,1,12.59,12.59,Cash,Diana,New,Delivery
2024-03-21,Thursday,04:58 PM,ORD1408,5,Mozzarella Sticks,Side,1,4.99,4.99,Card,Carlos,Returning,Delivery
2024-04-18,Thursday,07:38 PM,ORD1409,9,Mozzarella Sticks,Side,5,4.99,24.95,Online,Diana,New,Takeaway
2024-05-21,Tuesday,07:30 PM,ORD1410,12,Apple Pie,Dessert,2,4.79,9.58,Online,Diana,Returning,Takeaway
2024-05-27,Monday,03:52 PM,ORD1411,4,Orange Juice,Drink,2,3.29,6.58,Online,Bob,Returning,Delivery
2024-02-11,Sunday,11:42 AM,ORD1412,13,Chocolate Cake,Dessert,5,5.99,29.95,Card,Alice,New,Takeaway
2024-06-11,Tuesday,10:05 AM,ORD1413,16,Caesar Salad,Side,2,6.99,13.98,Online,Diana,New,Dine-in
2024-03-08,Friday,01:47 PM,ORD1414,20,Mozzarella Sticks,Side,1,4.99,4.99,Cash,Diana,Returning,Delivery
2024-06-16,Sunday,06:53 PM,ORD1415,2,Spaghetti Bolognese,Main,5,13.49,67.45,Cash,Diana,Returning,Dine-in
2024-02-21,Wednesday,09:12 PM,ORD1416,7,Fish Tacos,Main,3,12.59,37.77,Cash,Bob,New,Delivery
2024-01-10,Wednesday,04:08 PM,ORD1417,6,Ice Cream,Dessert,1,3.99,3.99,Cash,Carlos,Returning,Takeaway
2024-06-20,Thursday,04:44 PM,ORD1418,7,Orange Juice,Drink,5,3.29,16.45,Online,Alice,New,Dine-in
2024-05-20,Monday,02:51 PM,ORD1419,12,Chicken Wings,Side,5,8.99,44.95,Card,Carlos,New,Delivery
2024-02-19,Monday,05:45 PM,ORD1420,1,Orange Juice,Drink,5,3.29,16.45,Card,Bob,Returning,Delivery
2024-01-28,Sunday,07:32 PM,ORD1421,10,Caesar Salad,Side,5,6.99,34.95,Card,Alice,Returning,Delivery
2024-05-27,Monday,02:16 PM,ORD1422,19,Tiramisu,Dessert,4,6.49,25.96,Card,Bob,Returning,Takeaway
2024-06-23,Sunday,05:51 PM,ORD1423,4,Grilled Chicken,Main,4,12.99,51.96,Card,Alice,Returning,Delivery
2024-02-26,Monday,09:33 PM,ORD1424,14,Ice Cream,Dessert,3,3.99,11.97,Card,Alice,Returning,Dine-in
2024-03-14,Thursday,11:35 AM,ORD1425,3,Orange Juice,Drink,3,3.29,9.87,Online,Bob,Returning,Takeaway
2024-03-31,Sunday,01:43 PM,ORD1426,7,Veggie Pizza,Main,2,11.99,23.98,Card,Bob,New,Delivery
2024-03-02,Saturday,02:31 PM,ORD1427,7,Chocolate Cake,Dessert,2,5.99,11.98,Cash,Carlos,New,Dine-in
2024-01-31,Wednesday,11:20 AM,ORD1428,1,Apple Pie,Dessert,5,4.79,23.95,Online,Alice,Returning,Takeaway
2024-06-07,Friday,03:22 PM,ORD1429,9,Apple Pie,Dessert,5,4.79,23.95,Card,Bob,Returning,Takeaway
2024-02-26,Monday,07:50 PM,ORD1430,17,Lemonade,Drink,1,2.99,2.99,Card,Diana,New,Delivery
2024-03-29,Friday,04:43 PM,ORD1431,4,Iced Tea,Drink,4,2.79,11.16,Online,Diana,Returning,Delivery
2024-01-03,Wednesday,10:12 AM,ORD1432,19,Chocolate Cake,Dessert,4,5.99,23.96,Cash,Carlos,Returning,Delivery
2024-03-07,Thursday,01:11 PM,ORD1433,8,Chicken Wings,Side,3,8.99,26.97,Card,Diana,Returning,Takeaway
2024-02-17,Saturday,06:30 PM,ORD1434,14,Coffee,Drink,2,2.5,5.0,Online,Carlos,Returning,Takeaway
2024-03-12,Tuesday,05:41 PM,ORD1435,5,Iced Tea,Drink,5,2.79,13.95,Online,Bob,New,Delivery
2024-03-10,Sunday,02:01 PM,ORD1436,13,Chicken Wings,Side,4,8.99,35.96,Cash,Bob,New,Takeaway
2024-01-03,Wednesday,01:00 PM,ORD1437,5,Coffee,Drink,4,2.5,10.0,Online,Carlos,Returning,Takeaway
2024-03-05,Tuesday,07:35 PM,ORD1438,4,Cheeseburger,Main,4,10.49,41.96,Online,Bob,New,Dine-in
2024-03-06,Wednesday,06:07 PM,ORD1439,11,French Fries,Side,4,4.5,18.0,Card,Carlos,Returning,Delivery
2024-05-22,Wednesday,02:23 PM,ORD1440,14,Mozzarella Sticks,Side,1,4.99,4.99,Cash,Carlos,New,Delivery
2024-05-27,Monday,09:05 PM,ORD1441,10,Chicken Wings,Side,2,8.99,17.98,Card,Carlos,Returning,Delivery
2024-04-24,Wednesday,11:20 AM,ORD1442,10,Orange Juice,Drink,5,3.29,16.45,Card,Bob,New,Delivery
2024-03-27,Wednesday,05:11 PM,ORD1443,3,Orange Juice,Drink,1,3.29,3.29,Cash,Carlos,New,Takeaway
2024-03-22,Friday,09:08 PM,ORD1444,20,Spaghetti Bolognese,Main,3,13.49,40.47,Online,Diana,Returning,Takeaway
2024-04-02,Tuesday,08:01 PM,ORD1445,14,Fish Tacos,Main,4,12.59,50.36,Cash,Bob,New,Dine-in
2024-03-01,Friday,09:17 PM,ORD1446,7,Veggie Pizza,Main,1,11.99,11.99,Cash,Diana,New,Dine-in
2024-01-17,Wednesday,06:04 PM,ORD1447,1,Chicken Wings,Side,1,8.99,8.99,Card,Alice,New,Takeaway
2024-06-07,Friday,12:39 PM,ORD1448,10,Caesar Salad,Side,4,6.99,27.96,Cash,Bob,Returning,Takeaway
2024-06-09,Sunday,12:09 PM,ORD1449,6,Lemonade,Drink,5,2.99,14.95,Cash,Alice,Returning,Takeaway
2024-05-01,Wednesday,05:58 PM,ORD1450,18,Chicken Wings,Side,3,8.99,26.97,Card,Bob,New,Delivery
2024-06-01,Saturday,05:47 PM,ORD1451,18,Coffee,Drink,5,2.5,12.5,Card,Carlos,Returning,Delivery
2024-02-28,Wednesday,11:31 AM,ORD1452,12,Tiramisu,Dessert,3,6.49,19.47,Card,Carlos,New,Takeaway
2024-01-03,Wednesday,10:00 AM,ORD1453,12,Fish Tacos,Main,2,12.59,25.18,Card,Diana,New,Delivery
2024-05-05,Sunday,06:08 PM,ORD1454,14,Spaghetti Bolognese,Main,1,13.49,13.49,Card,Bob,New,Delivery
2024-04-05,Friday,01:13 PM,ORD1455,14,Coffee,Drink,5,2.5,12.5,Card,Bob,New,Delivery
2024-06-14,Friday,04:39 PM,ORD1456,9,Orange Juice,Drink,2,3.29,6.58,Cash,Diana,New,Delivery
2024-06-05,Wednesday,09:50 PM,ORD1457,18,Veggie Pizza,Main,3,11.99,35.97,Card,Diana,New,Dine-in
2024-02-16,Friday,12:19 PM,ORD1458,15,Spaghetti Bolognese,Main,1,13.49,13.49,Online,Diana,Returning,Delivery
2024-06-08,Saturday,06:23 PM,ORD1459,1,Chocolate Cake,Dessert,3,5.99,17.97,Cash,Alice,New,Dine-in
2024-01-27,Saturday,02:48 PM,ORD1460,15,Veggie Pizza,Main,2,11.99,23.98,Online,Alice,New,Dine-in
2024-02-08,Thursday,10:15 AM,ORD1461,11,Apple Pie,Dessert,2,4.79,9.58,Card,Carlos,Returning,Takeaway
2024-04-28,Sunday,09:53 PM,ORD1462,3,Cheeseburger,Main,3,10.49,31.47,Cash,Alice,Returning,Takeaway
2024-01-19,Friday,07:16 PM,ORD1463,7,Apple Pie,Dessert,2,4.79,9.58,Card,Diana,New,Dine-in
2024-03-04,Monday,04:34 PM,ORD1464,2,Tiramisu,Dessert,2,6.49,12.98,Cash,Diana,New,Delivery
2024-06-19,Wednesday,01:33 PM,ORD1465,10,Apple Pie,Dessert,4,4.79,19.16,Card,Bob,New,Delivery
2024-05-20,Monday,06:53 PM,ORD1466,16,French Fries,Side,3,4.5,13.5,Online,Carlos,New,Takeaway
2024-01-14,Sunday,09:22 PM,ORD1467,8,Chocolate Cake,Dessert,1,5.99,5.99,Online,Diana,Returning,Dine-in
2024-02-12,Monday,02:42 PM,ORD1468,8,French Fries,Side,4,4.5,18.0,Cash,Alice,Returning,Delivery
2024-06-01,Saturday,12:38 PM,ORD1469,8,Mozzarella Sticks,Side,1,4.99,4.99,Cash,Diana,New,Delivery
2024-06-07,Friday,03:46 PM,ORD1470,12,Cheeseburger,Main,1,10.49,10.49,Online,Bob,New,Dine-in
2024-05-04,Saturday,01:58 PM,ORD1471,12,Garlic Bread,Side,5,3.49,17.45,Card,Bob,New,Delivery
2024-04-06,Saturday,04:06 PM,ORD1472,2,Lemonade,Drink,3,2.99,8.97,Card,Diana,Returning,Delivery
2024-06-27,Thursday,06:21 PM,ORD1473,6,Chocolate Cake,Dessert,5,5.99,29.95,Online,Carlos,Returning,Delivery
2024-04-29,Monday,02:41 PM,ORD1474,3,Chicken Wings,Side,2,8.99,17.98,Online,Bob,Returning,Takeaway
2024-03-08,Friday,07:14 PM,ORD1475,1,Mozzarella Sticks,Side,4,4.99,19.96,Online,Diana,New,Dine-in
2024-06-07,Friday,04:12 PM,ORD1476,3,Ice Cream,Dessert,3,3.99,11.97,Online,Diana,New,Delivery
2024-06-23,Sunday,06:29 PM,ORD1477,20,Chicken Wings,Side,2,8.99,17.98,Card,Carlos,Returning,Delivery
2024-03-23,Saturday,11:53 AM,ORD1478,3,French Fries,Side,5,4.5,22.5,Cash,Bob,New,Dine-in
2024-02-21,Wednesday,11:49 AM,ORD1479,4,Apple Pie,Dessert,2,4.79,9.58,Cash,Diana,Returning,Delivery
2024-06-08,Saturday,09:58 PM,ORD1480,12,Veggie Pizza,Main,1,11.99,11.99,Cash,Alice,New,Dine-in
2024-06-16,Sunday,06:23 PM,ORD1481,2,Caesar Salad,Side,4,6.99,27.96,Card,Diana,Returning,Delivery
2024-01-15,Monday,08:31 PM,ORD1482,2,Veggie Pizza,Main,5,11.99,59.95,Online,Alice,Returning,Dine-in
2024-02-25,Sunday,06:51 PM,ORD1483,8,French Fries,Side,1,4.5,4.5,Online,Diana,New,Dine-in
2024-05-14,Tuesday,09:12 PM,ORD1484,6,Ice Cream,Dessert,5,3.99,19.95,Online,Diana,New,Delivery
2024-05-27,Monday,04:06 PM,ORD1485,4,Tiramisu,Dessert,4,6.49,25.96,Cash,Bob,Returning,Delivery
2024-03-27,Wednesday,09:13 PM,ORD1486,20,Iced Tea,Drink,5,2.79,13.95,Card,Carlos,Returning,Delivery
2024-03-24,Sunday,04:20 PM,ORD1487,11,Coffee,Drink,4,2.5,10.0,Online,Bob,New,Takeaway
2024-05-20,Monday,02:20 PM,ORD1488,15,Mozzarella Sticks,Side,4,4.99,19.96,Card,Alice,New,Takeaway
2024-06-01,Saturday,10:16 AM,ORD1489,10,Fish Tacos,Main,2,12.59,25.18,Cash,Carlos,New,Dine-in
2024-03-21,Thursday,10:22 AM,ORD1490,17,Veggie Pizza,Main,5,11.99,59.95,Online,Bob,New,Dine-in
2024-04-27,Saturday,04:04 PM,ORD1491,9,Lemonade,Drink,2,2.99,5.98,Card,Bob,New,Takeaway
2024-03-17,Sunday,11:34 AM,ORD1492,7,Orange Juice,Drink,5,3.29,16.45,Online,Alice,Returning,Takeaway
2024-02-14,Wednesday,06:19 PM,ORD1493,10,French Fries,Side,5,4.5,22.5,Cash,Diana,New,Dine-in
2024-03-26,Tuesday,03:56 PM,ORD1494,4,Coffee,Drink,4,2.5,10.0,Cash,Alice,Returning,Dine-in
2024-03-19,Tuesday,06:56 PM,ORD1495,18,Cheeseburger,Main,3,10.49,31.47,Online,Bob,Returning,Delivery
2024-06-27,Thursday,01:46 PM,ORD1496,13,Lemonade,Drink,1,2.99,2.99,Card,Alice,New,Takeaway
2024-03-15,Friday,04:43 PM,ORD1497,11,Lemonade,Drink,2,2.99,5.98,Cash,Diana,New,Delivery
2024-04-12,Friday,02:28 PM,ORD1498,17,Caesar Salad,Side,4,6.99,27.96,Card,Bob,New,Takeaway
2024-05-23,Thursday,01:22 PM,ORD1499,19,Apple Pie,Dessert,4,4.79,19.16,Cash,Bob,New,Dine-in
2024-03-09,Saturday,05:20 PM,ORD1500,3,Garlic Bread,Side,5,3.49,17.45,Cash,Diana,Returning,Takeaway
2024-03-30,Saturday,01:15 PM,ORD1501,20,Garlic Bread,Side,3,3.49,10.47,Online,Alice,Returning,Dine-in
2024-03-30,Saturday,08:31 PM,ORD1502,5,Tiramisu,Dessert,5,6.49,32.45,Card,Alice,New,Dine-in
2024-06-24,Monday,04:22 PM,ORD1503,4,Lemonade,Drink,1,2.99,2.99,Online,Alice,New,Delivery
2024-02-07,Wednesday,02:54 PM,ORD1504,4,Grilled Chicken,Main,3,12.99,38.97,Card,Diana,Returning,Dine-in
2024-03-25,Monday,01:34 PM,ORD1505,7,Chicken Wings,Side,2,8.99,17.98,Online,Carlos,Returning,Delivery
2024-02-06,Tuesday,09:51 PM,ORD1506,19,Grilled Chicken,Main,4,12.99,51.96,Online,Alice,Returning,Dine-in
2024-01-16,Tuesday,02:50 PM,ORD1507,9,Chocolate Cake,Dessert,5,5.99,29.95,Cash,Diana,New,Dine-in
2024-04-09,Tuesday,09:16 PM,ORD1508,4,Veggie Pizza,Main,3,11.99,35.97,Cash,Carlos,Returning,Dine-in
2024-04-07,Sunday,06:40 PM,ORD1509,16,French Fries,Side,3,4.5,13.5,Online,Alice,New,Dine-in
2024-05-08,Wednesday,05:48 PM,ORD1510,2,Chicken Wings,Side,1,8.99,8.99,Cash,Carlos,Returning,Takeaway
2024-04-10,Wednesday,12:40 PM,ORD1511,12,Grilled Chicken,Main,3,12.99,38.97,Card,Carlos,New,Delivery
2024-03-11,Monday,11:03 AM,ORD1512,1,Veggie Pizza,Main,4,11.99,47.96,Online,Carlos,New,Dine-in
2024-03-28,Thursday,04:42 PM,ORD1513,13,Lemonade,Drink,1,2.99,2.99,Online,Bob,Returning,Dine-in
2024-05-26,Sunday,12:36 PM,ORD1514,20,Coffee,Drink,3,2.5,7.5,Card,Diana,New,Dine-in
2024-06-16,Sunday,12:21 PM,ORD1515,5,Chicken Wings,Side,2,8.99,17.98,Card,Bob,Returning,Dine-in
2024-06-16,Sunday,07:38 PM,ORD1516,3,Iced Tea,Drink,3,2.79,8.37,Online,Alice,New,Takeaway
2024-02-07,Wednesday,10:30 AM,ORD1517,14,Garlic Bread,Side,4,3.49,13.96,Card,Diana,Returning,Dine-in
2024-02-18,Sunday,11:49 AM,ORD1518,1,Lemonade,Drink,2,2.99,5.98,Online,Carlos,New,Delivery
2024-02-29,Thursday,01:56 PM,ORD1519,3,Grilled Chicken,Main,3,12.99,38.97,Online,Diana,New,Delivery
2024-06-03,Monday,06:00 PM,ORD1520,13,Mozzarella Sticks,Side,2,4.99,9.98,Card,Diana,New,Dine-in
2024-02-19,Monday,01:51 PM,ORD1521,1,Cheeseburger,Main,4,10.49,41.96,Card,Diana,New,Delivery
2024-06-20,Thursday,01:27 PM,ORD1522,6,Chocolate Cake,Dessert,1,5.99,5.99,Card,Diana,Returning,Takeaway
2024-03-04,Monday,05:17 PM,ORD1523,20,Orange Juice,Drink,1,3.29,3.29,Online,Diana,Returning,Takeaway
2024-06-05,Wednesday,07:45 PM,ORD1524,2,Chicken Wings,Side,5,8.99,44.95,Online,Alice,Returning,Takeaway
2024-01-11,Thursday,02:11 PM,ORD1525,13,Fish Tacos,Main,5,12.59,62.95,Online,Alice,Returning,Delivery
2024-06-10,Monday,10:50 AM,ORD1526,15,Chocolate Cake,Dessert,3,5.99,17.97,Card,Carlos,Returning,Takeaway
2024-02-12,Monday,05:12 PM,ORD1527,2,Spaghetti Bolognese,Main,5,13.49,67.45,Online,Bob,Returning,Delivery
2024-04-25,Thursday,11:32 AM,ORD1528,6,Fish Tacos,Main,1,12.59,12.59,Online,Bob,Returning,Takeaway
2024-03-23,Saturday,05:41 PM,ORD1529,15,Grilled Chicken,Main,2,12.99,25.98,Online,Bob,Returning,Dine-in
2024-03-05,Tuesday,03:31 PM,ORD1530,3,Iced Tea,Drink,1,2.79,2.79,Cash,Diana,Returning,Dine-in
2024-05-14,Tuesday,04:33 PM,ORD1531,6,Fish Tacos,Main,5,12.59,62.95,Card,Diana,New,Dine-in
2024-03-26,Tuesday,07:39 PM,ORD1532,5,Lemonade,Drink,2,2.99,5.98,Cash,Alice,Returning,Takeaway
2024-03-20,Wednesday,05:36 PM,ORD1533,4,Spaghetti Bolognese,Main,2,13.49,26.98,Cash,Bob,New,Delivery
2024-03-05,Tuesday,10:12 AM,ORD1534,16,Tiramisu,Dessert,4,6.49,25.96,Online,Alice,Returning,Dine-in
2024-02-25,Sunday,08:02 PM,ORD1535,14,Apple Pie,Dessert,4,4.79,19.16,Card,Alice,New,Dine-in
2024-05-20,Monday,02:44 PM,ORD1536,2,Chicken Wings,Side,2,8.99,17.98,Cash,Bob,New,Delivery
2024-03-30,Saturday,10:37 AM,ORD1537,19,Lemonade,Drink,1,2.99,2.99,Online,Carlos,Returning,Dine-in
2024-01-13,Saturday,11:51 AM,ORD1538,6,Coffee,Drink,2,2.5,5.0,Online,Carlos,New,Takeaway
2024-05-28,Tuesday,04:08 PM,ORD1539,10,Cheeseburger,Main,1,10.49,10.49,Card,Carlos,Returning,Dine-in
2024-04-19,Friday,07:23 PM,ORD1540,16,Caesar Salad,Side,3,6.99,20.97,Cash,Alice,Returning,Takeaway
2024-05-14,Tuesday,05:03 PM,ORD1541,7,Fish Tacos,Main,2,12.59,25.18,Online,Alice,New,Delivery
2024-06-10,Monday,07:01 PM,ORD1542,20,Caesar Salad,Side,4,6.99,27.96,Online,Carlos,Returning,Delivery
2024-03-22,Friday,02:25 PM,ORD1543,20,Fish Tacos,Main,5,12.59,62.95,Card,Bob,Returning,Delivery
2024-06-10,Monday,06:29 PM,ORD1544,20,Apple Pie,Dessert,2,4.79,9.58,Cash,Carlos,New,Dine-in
2024-01-31,Wednesday,10:24 AM,ORD1545,7,Tiramisu,Dessert,1,6.49,6.49,Online,Diana,Returning,Dine-in
2024-03-26,Tuesday,03:58 PM,ORD1546,1,Chicken Wings,Side,2,8.99,17.98,Online,Bob,Returning,Takeaway
2024-01-18,Thursday,03:15 PM,ORD1547,18,Spaghetti Bolognese,Main,5,13.49,67.45,Card,Alice,New,Delivery
2024-03-26,Tuesday,03:49 PM,ORD1548,20,Orange Juice,Drink,5,3.29,16.45,Cash,Bob,New,Takeaway
2024-03-27,Wednesday,09:28 PM,ORD1549,2,Apple Pie,Dessert,4,4.79,19.16,Online,Bob,Returning,Dine-in
2024-06-09,Sunday,05:51 PM,ORD1550,15,Chicken Wings,Side,3,8.99,26.97,Card,Alice,Returning,Delivery
2024-06-22,Saturday,03:23 PM,ORD1551,1,Chicken Wings,Side,5,8.99,44.95,Cash,Carlos,Returning,Dine-in
2024-02-08,Thursday,02:47 PM,ORD1552,13,Grilled Chicken,Main,3,12.99,38.97,Online,Bob,Returning,Dine-in
2024-06-01,Saturday,11:59 AM,ORD1553,2,Spaghetti Bolognese,Main,3,13.49,40.47,Card,Diana,New,Takeaway
2024-03-01,Friday,04:20 PM,ORD1554,7,Tiramisu,Dessert,3,6.49,19.47,Online,Carlos,New,Dine-in
2024-04-05,Friday,10:38 AM,ORD1555,15,Chocolate Cake,Dessert,1,5.99,5.99,Online,Alice,Returning,Delivery
2024-02-09,Friday,01:14 PM,ORD1556,17,Garlic Bread,Side,4,3.49,13.96,Card,Carlos,New,Dine-in
2024-05-12,Sunday,09:32 PM,ORD1557,2,Lemonade,Drink,2,2.99,5.98,Card,Diana,New,Dine-in
2024-03-20,Wednesday,10:45 AM,ORD1558,15,Caesar Salad,Side,3,6.99,20.97,Cash,Alice,Returning,Dine-in
2024-05-27,Monday,03:19 PM,ORD1559,7,Chocolate Cake,Dessert,3,5.99,17.97,Cash,Carlos,Returning,Delivery
2024-03-22,Friday,05:31 PM,ORD1560,5,French Fries,Side,3,4.5,13.5,Cash,Carlos,New,Dine-in
2024-06-08,Saturday,07:33 PM,ORD1561,7,Fish Tacos,Main,1,12.59,12.59,Online,Carlos,Returning,Takeaway
2024-02-06,Tuesday,02:50 PM,ORD1562,3,Ice Cream,Dessert,2,3.99,7.98,Card,Carlos,Returning,Dine-in
2024-02-03,Saturday,10:29 AM,ORD1563,4,Apple Pie,Dessert,1,4.79,4.79,Card,Alice,New,Takeaway
2024-04-10,Wednesday,01:03 PM,ORD1564,12,Tiramisu,Dessert,5,6.49,32.45,Card,Carlos,New,Delivery
2024-06-20,Thursday,07:06 PM,ORD1565,19,Caesar Salad,Side,4,6.99,27.96,Cash,Alice,Returning,Dine-in
2024-04-26,Friday,03:17 PM,ORD1566,8,Tiramisu,Dessert,4,6.49,25.96,Cash,Bob,Returning,Takeaway
2024-04-10,Wednesday,01:07 PM,ORD1567,15,Garlic Bread,Side,3,3.49,10.47,Card,Alice,New,Takeaway
2024-01-29,Monday,03:59 PM,ORD1568,6,Apple Pie,Dessert,4,4.79,19.16,Card,Carlos,New,Delivery
2024-01-27,Saturday,04:55 PM,ORD1569,18,French Fries,Side,3,4.5,13.5,Online,Alice,Returning,Delivery
2024-04-28,Sunday,04:50 PM,ORD1570,20,Coffee,Drink,2,2.5,5.0,Cash,Bob,Returning,Takeaway
2024-01-17,Wednesday,03:48 PM,ORD1571,14,Chocolate Cake,Dessert,5,5.99,29.95,Card,Carlos,New,Dine-in
2024-06-18,Tuesday,09:25 PM,ORD1572,16,Caesar Salad,Side,5,6.99,34.95,Cash,Diana,Returning,Delivery
2024-01-25,Thursday,05:35 PM,ORD1573,13,Iced Tea,Drink,3,2.79,8.37,Cash,Alice,Returning,Takeaway
2024-05-06,Monday,09:00 PM,ORD1574,7,Cheeseburger,Main,1,10.49,10.49,Cash,Alice,New,Delivery
2024-02-08,Thursday,05:43 PM,ORD1575,13,Chicken Wings,Side,3,8.99,26.97,Online,Diana,New,Dine-in
2024-06-23,Sunday,03:24 PM,ORD1576,10,Spaghetti Bolognese,Main,5,13.49,67.45,Card,Carlos,New,Delivery
2024-01-03,Wednesday,08:26 PM,ORD1577,5,Fish Tacos,Main,4,12.59,50.36,Card,Alice,Returning,Delivery
2024-01-14,Sunday,10:00 AM,ORD1578,4,Chicken Wings,Side,3,8.99,26.97,Card,Alice,New,Takeaway
2024-06-28,Friday,08:04 PM,ORD1579,13,Orange Juice,Drink,3,3.29,9.87,Card,Diana,Returning,Delivery
2024-02-24,Saturday,09:18 PM,ORD1580,5,Iced Tea,Drink,4,2.79,11.16,Cash,Diana,Returning,Takeaway
2024-02-09,Friday,02:55 PM,ORD1581,1,Lemonade,Drink,2,2.99,5.98,Cash,Alice,New,Delivery
2024-05-04,Saturday,09:13 PM,ORD1582,3,Coffee,Drink,2,2.5,5.0,Cash,Diana,Returning,Delivery
2024-06-03,Monday,05:15 PM,ORD1583,17,Iced Tea,Drink,4,2.79,11.16,Card,Diana,Returning,Takeaway
2024-02-27,Tuesday,01:10 PM,ORD1584,1,Coffee,Drink,5,2.5,12.5,Online,Diana,New,Delivery
2024-05-08,Wednesday,02:35 PM,ORD1585,19,Coffee,Drink,5,2.5,12.5,Card,Alice,New,Delivery
2024-05-03,Friday,04:17 PM,ORD1586,16,French Fries,Side,5,4.5,22.5,Online,Alice,New,Delivery
2024-05-14,Tuesday,02:46 PM,ORD1587,3,Tiramisu,Dessert,5,6.49,32.45,Online,Alice,New,Takeaway
2024-06-10,Monday,09:19 PM,ORD1588,19,Caesar Salad,Side,5,6.99,34.95,Card,Alice,Returning,Delivery
2024-01-03,Wednesday,06:00 PM,ORD1589,16,Tiramisu,Dessert,5,6.49,32.45,Online,Carlos,Returning,Takeaway
2024-03-16,Saturday,02:56 PM,ORD1590,20,Iced Tea,Drink,1,2.79,2.79,Online,Carlos,Returning,Dine-in
2024-06-10,Monday,06:04 PM,ORD1591,2,Iced Tea,Drink,5,2.79,13.95,Online,Carlos,New,Takeaway
2024-05-04,Saturday,11:24 AM,ORD1592,3,Lemonade,Drink,5,2.99,14.95,Card,Carlos,New,Delivery
2024-03-12,Tuesday,02:41 PM,ORD1593,4,Veggie Pizza,Main,1,11.99,11.99,Online,Bob,New,Delivery
2024-04-24,Wednesday,04:18 PM,ORD1594,8,Iced Tea,Drink,3,2.79,8.37,Card,Bob,New,Takeaway
2024-01-22,Monday,12:28 PM,ORD1595,14,Lemonade,Drink,4,2.99,11.96,Card,Bob,Returning,Delivery
2024-06-12,Wednesday,12:51 PM,ORD1596,12,Chocolate Cake,Dessert,5,5.99,29.95,Cash,Carlos,New,Dine-in
2024-02-12,Monday,05:55 PM,ORD1597,10,Orange Juice,Drink,4,3.29,13.16,Card,Bob,Returning,Delivery
2024-06-29,Saturday,04:39 PM,ORD1598,5,Apple Pie,Dessert,3,4.79,14.37,Online,Diana,New,Takeaway
2024-04-24,Wednesday,04:31 PM,ORD1599,2,Garlic Bread,Side,5,3.49,17.45,Cash,Carlos,Returning,Delivery
2024-06-15,Saturday,02:39 PM,ORD1600,9,Garlic Bread,Side,3,3.49,10.47,Cash,Carlos,Returning,Takeaway
2024-06-21,Friday,02:07 PM,ORD1601,11,Chocolate Cake,Dessert,5,5.99,29.95,Online,Bob,Returning,Delivery
2024-01-03,Wednesday,09:28 PM,ORD1602,1,Grilled Chicken,Main,1,12.99,12.99,Card,Alice,New,Delivery
2024-04-24,Wednesday,03:59 PM,ORD1603,9,Ice Cream,Dessert,3,3.99,11.97,Cash,Alice,New,Delivery
2024-01-24,Wednesday,10:58 AM,ORD1604,4,Chocolate Cake,Dessert,5,5.99,29.95,Online,Alice,New,Delivery
2024-02-03,Saturday,04:24 PM,ORD1605,6,Iced Tea,Drink,1,2.79,2.79,Card,Carlos,Returning,Delivery
2024-01-20,Saturday,08:54 PM,ORD1606,14,Tiramisu,Dessert,3,6.49,19.47,Online,Carlos,Returning,Dine-in
2024-01-19,Friday,02:43 PM,ORD1607,13,Cheeseburger,Main,4,10.49,41.96,Card,Alice,Returning,Takeaway
2024-02-15,Thursday,05:31 PM,ORD1608,7,Caesar Salad,Side,4,6.99,27.96,Online,Diana,New,Delivery
2024-05-05,Sunday,11:51 AM,ORD1609,14,Lemonade,Drink,5,2.99,14.95,Cash,Alice,Returning,Delivery
2024-03-07,Thursday,11:45 AM,ORD1610,3,Cheeseburger,Main,1,10.49,10.49,Online,Carlos,Returning,Dine-in
2024-05-07,Tuesday,12:32 PM,ORD1611,13,Grilled Chicken,Main,1,12.99,12.99,Card,Bob,Returning,Takeaway
2024-05-27,Monday,10:03 AM,ORD1612,16,Fish Tacos,Main,4,12.59,50.36,Card,Diana,New,Delivery
2024-02-27,Tuesday,10:03 AM,ORD1613,4,Orange Juice,Drink,4,3.29,13.16,Online,Carlos,Returning,Delivery
2024-03-18,Monday,04:50 PM,ORD1614,12,Cheeseburger,Main,1,10.49,10.49,Online,Carlos,New,Takeaway
2024-03-15,Friday,09:03 PM,ORD1615,18,Chocolate Cake,Dessert,2,5.99,11.98,Cash,Diana,New,Takeaway
2024-06-27,Thursday,04:39 PM,ORD1616,16,French Fries,Side,3,4.5,13.5,Cash,Diana,New,Dine-in
2024-01-10,Wednesday,01:17 PM,ORD1617,8,Grilled Chicken,Main,5,12.99,64.95,Card,Diana,New,Delivery
2024-06-13,Thursday,03:15 PM,ORD1618,15,Apple Pie,Dessert,5,4.79,23.95,Cash,Alice,Returning,Dine-in
2024-03-27,Wednesday,10:43 AM,ORD1619,7,Orange Juice,Drink,1,3.29,3.29,Online,Diana,New,Delivery
2024-05-28,Tuesday,01:58 PM,ORD1620,5,Caesar Salad,Side,1,6.99,6.99,Card,Alice,Returning,Delivery
2024-01-12,Friday,02:08 PM,ORD1621,6,Lemonade,Drink,1,2.99,2.99,Online,Alice,Returning,Dine-in
2024-04-26,Friday,08:25 PM,ORD1622,3,Iced Tea,Drink,5,2.79,13.95,Cash,Alice,Returning,Delivery
2024-06-06,Thursday,01:45 PM,ORD1623,14,Caesar Salad,Side,2,6.99,13.98,Card,Diana,Returning,Dine-in
2024-06-24,Monday,07:49 PM,ORD1624,11,Chicken Wings,Side,2,8.99,17.98,Cash,Alice,New,Takeaway
2024-01-17,Wednesday,12:03 PM,ORD1625,14,Veggie Pizza,Main,2,11.99,23.98,Cash,Carlos,New,Takeaway
2024-03-03,Sunday,07:55 PM,ORD1626,4,Cheeseburger,Main,2,10.49,20.98,Online,Diana,New,Dine-in
2024-05-04,Saturday,11:22 AM,ORD1627,6,Grilled Chicken,Main,1,12.99,12.99,Cash,Carlos,Returning,Delivery
2024-05-01,Wednesday,09:48 PM,ORD1628,5,Lemonade,Drink,2,2.99,5.98,Online,Carlos,Returning,Takeaway
2024-03-02,Saturday,12:58 PM,ORD1629,6,Cheeseburger,Main,5,10.49,52.45,Online,Diana,New,Delivery
2024-03-18,Monday,03:56 PM,ORD1630,18,Coffee,Drink,1,2.5,2.5,Cash,Bob,New,Delivery
2024-01-25,Thursday,08:33 PM,ORD1631,17,Mozzarella Sticks,Side,5,4.99,24.95,Cash,Diana,New,Takeaway
2024-01-14,Sunday,01:18 PM,ORD1632,16,French Fries,Side,2,4.5,9.0,Card,Bob,New,Delivery
2024-01-12,Friday,10:55 AM,ORD1633,7,Mozzarella Sticks,Side,3,4.99,14.97,Card,Carlos,Returning,Delivery
2024-04-26,Friday,10:44 AM,ORD1634,18,French Fries,Side,1,4.5,4.5,Cash,Bob,New,Takeaway
2024-05-11,Saturday,11:58 AM,ORD1635,15,Caesar Salad,Side,2,6.99,13.98,Online,Carlos,Returning,Dine-in
2024-06-22,Saturday,03:33 PM,ORD1636,11,Ice Cream,Dessert,1,3.99,3.99,Cash,Alice,New,Delivery
2024-04-15,Monday,01:24 PM,ORD1637,3,Orange Juice,Drink,2,3.29,6.58,Card,Diana,New,Takeaway
2024-02-07,Wednesday,01:41 PM,ORD1638,13,Tiramisu,Dessert,2,6.49,12.98,Card,Bob,Returning,Delivery
2024-02-19,Monday,08:47 PM,ORD1639,7,Mozzarella Sticks,Side,3,4.99,14.97,Card,Bob,New,Delivery
2024-05-25,Saturday,11:01 AM,ORD1640,4,Veggie Pizza,Main,2,11.99,23.98,Card,Diana,Returning,Dine-in
2024-03-28,Thursday,01:45 PM,ORD1641,6,Spaghetti Bolognese,Main,5,13.49,67.45,Online,Bob,New,Dine-in
2024-04-15,Monday,06:54 PM,ORD1642,19,Apple Pie,Dessert,2,4.79,9.58,Card,Diana,Returning,Dine-in
2024-04-19,Friday,02:12 PM,ORD1643,14,Ice Cream,Dessert,3,3.99,11.97,Online,Bob,New,Delivery
2024-01-02,Tuesday,05:07 PM,ORD1644,16,Cheeseburger,Main,1,10.49,10.49,Online,Alice,Returning,Delivery
2024-04-10,Wednesday,06:10 PM,ORD1645,16,French Fries,Side,4,4.5,18.0,Cash,Alice,New,Delivery
2024-04-14,Sunday,01:43 PM,ORD1646,10,Lemonade,Drink,3,2.99,8.97,Cash,Alice,New,Takeaway
2024-06-20,Thursday,03:12 PM,ORD1647,19,Iced Tea,Drink,4,2.79,11.16,Online,Alice,Returning,Takeaway
2024-02-05,Monday,10:00 PM,ORD1648,12,Orange Juice,Drink,2,3.29,6.58,Online,Diana,New,Delivery
2024-01-19,Friday,04:34 PM,ORD1649,2,Garlic Bread,Side,5,3.49,17.45,Card,Diana,Returning,Delivery
2024-06-05,Wednesday,07:15 PM,ORD1650,20,Chocolate Cake,Dessert,1,5.99,5.99,Card,Alice,Returning,Dine-in
2024-01-29,Monday,04:32 PM,ORD1651,20,Mozzarella Sticks,Side,4,4.99,19.96,Cash,Carlos,Returning,Dine-in
2024-06-14,Friday,07:32 PM,ORD1652,7,Caesar Salad,Side,5,6.99,34.95,Cash,Carlos,New,Delivery
2024-01-30,Tuesday,09:04 PM,ORD1653,7,Apple Pie,Dessert,5,4.79,23.95,Online,Bob,Returning,Takeaway
2024-03-09,Saturday,06:35 PM,ORD1654,2,Coffee,Drink,3,2.5,7.5,Cash,Carlos,Returning,Takeaway
2024-05-04,Saturday,06:33 PM,ORD1655,16,Fish Tacos,Main,1,12.59,12.59,Online,Carlos,Returning,Delivery
2024-04-04,Thursday,09:29 PM,ORD1656,15,Caesar Salad,Side,2,6.99,13.98,Cash,Alice,Returning,Dine-in
2024-03-14,Thursday,11:18 AM,ORD1657,9,French Fries,Side,2,4.5,9.0,Cash,Bob,Returning,Dine-in
2024-02-22,Thursday,06:53 PM,ORD1658,14,Grilled Chicken,Main,3,12.99,38.97,Online,Bob,Returning,Takeaway
2024-04-17,Wednesday,05:34 PM,ORD1659,7,Grilled Chicken,Main,3,12.99,38.97,Cash,Alice,New,Delivery
2024-06-14,Friday,03:43 PM,ORD1660,11,Coffee,Drink,5,2.5,12.5,Online,Carlos,Returning,Delivery
2024-06-19,Wednesday,09:53 PM,ORD1661,15,Fish Tacos,Main,5,12.59,62.95,Card,Carlos,New,Takeaway
2024-02-13,Tuesday,02:26 PM,ORD1662,12,Ice Cream,Dessert,4,3.99,15.96,Card,Alice,New,Takeaway
2024-03-13,Wednesday,05:46 PM,ORD1663,6,Iced Tea,Drink,5,2.79,13.95,Online,Carlos,New,Dine-in
2024-06-26,Wednesday,09:22 PM,ORD1664,8,Lemonade,Drink,2,2.99,5.98,Cash,Alice,Returning,Delivery
2024-02-02,Friday,05:31 PM,ORD1665,6,Veggie Pizza,Main,3,11.99,35.97,Cash,Alice,Returning,Takeaway
2024-02-07,Wednesday,04:21 PM,ORD1666,6,Tiramisu,Dessert,5,6.49,32.45,Online,Carlos,New,Dine-in
2024-04-13,Saturday,06:31 PM,ORD1667,11,Lemonade,Drink,4,2.99,11.96,Cash,Alice,Returning,Delivery
2024-06-29,Saturday,03:02 PM,ORD1668,19,Apple Pie,Dessert,3,4.79,14.37,Online,Bob,Returning,Takeaway
2024-06-25,Tuesday,11:55 AM,ORD1669,5,Apple Pie,Dessert,1,4.79,4.79,Online,Alice,Returning,Dine-in
2024-04-12,Friday,08:32 PM,ORD1670,12,Ice Cream,Dessert,4,3.99,15.96,Cash,Carlos,New,Delivery
2024-06-13,Thursday,01:19 PM,ORD1671,9,Fish Tacos,Main,2,12.59,25.18,Cash,Alice,New,Delivery
2024-04-24,Wednesday,09:33 PM,ORD1672,13,Caesar Salad,Side,5,6.99,34.95,Cash,Diana,Returning,Delivery
2024-06-03,Monday,06:43 PM,ORD1673,13,Cheeseburger,Main,3,10.49,31.47,Cash,Diana,Returning,Takeaway
2024-04-05,Friday,10:12 AM,ORD1674,12,Spaghetti Bolognese,Main,3,13.49,40.47,Card,Diana,New,Dine-in
2024-04-23,Tuesday,05:05 PM,ORD1675,6,Tiramisu,Dessert,3,6.49,19.47,Online,Diana,Returning,Dine-in
2024-05-30,Thursday,08:12 PM,ORD1676,7,Caesar Salad,Side,2,6.99,13.98,Card,Diana,Returning,Dine-in
2024-05-31,Friday,04:24 PM,ORD1677,14,Caesar Salad,Side,1,6.99,6.99,Online,Carlos,Returning,Dine-in
2024-05-22,Wednesday,05:53 PM,ORD1678,6,Lemonade,Drink,2,2.99,5.98,Card,Carlos,Returning,Dine-in
2024-03-18,Monday,07:59 PM,ORD1679,18,Spaghetti Bolognese,Main,4,13.49,53.96,Online,Diana,New,Dine-in
2024-01-01,Monday,12:37 PM,ORD1680,16,Veggie Pizza,Main,3,11.99,35.97,Cash,Carlos,Returning,Dine-in
2024-05-05,Sunday,09:44 PM,ORD1681,4,Ice Cream,Dessert,1,3.99,3.99,Card,Diana,New,Delivery
2024-04-02,Tuesday,07:55 PM,ORD1682,14,Apple Pie,Dessert,5,4.79,23.95,Card,Diana,New,Takeaway
2024-05-11,Saturday,07:49 PM,ORD1683,6,Grilled Chicken,Main,3,12.99,38.97,Online,Alice,New,Takeaway
2024-04-28,Sunday,09:49 PM,ORD1684,6,Lemonade,Drink,3,2.99,8.97,Cash,Carlos,Returning,Takeaway
2024-06-11,Tuesday,04:04 PM,ORD1685,10,Cheeseburger,Main,3,10.49,31.47,Online,Alice,New,Delivery
2024-02-16,Friday,11:36 AM,ORD1686,11,Iced Tea,Drink,5,2.79,13.95,Card,Carlos,Returning,Delivery
2024-06-27,Thursday,09:44 PM,ORD1687,18,Mozzarella Sticks,Side,1,4.99,4.99,Online,Carlos,New,Dine-in
2024-02-05,Monday,06:50 PM,ORD1688,16,Spaghetti Bolognese,Main,3,13.49,40.47,Card,Carlos,New,Dine-in
2024-02-25,Sunday,12:38 PM,ORD1689,7,Fish Tacos,Main,2,12.59,25.18,Online,Alice,Returning,Takeaway
2024-01-20,Saturday,11:59 AM,ORD1690,16,Lemonade,Drink,1,2.99,2.99,Card,Carlos,Returning,Dine-in
2024-04-23,Tuesday,08:11 PM,ORD1691,6,Fish Tacos,Main,3,12.59,37.77,Online,Carlos,New,Delivery
2024-01-31,Wednesday,01:47 PM,ORD1692,8,Lemonade,Drink,2,2.99,5.98,Card,Bob,New,Dine-in
2024-01-21,Sunday,05:15 PM,ORD1693,1,French Fries,Side,1,4.5,4.5,Card,Diana,New,Dine-in
2024-01-28,Sunday,10:33 AM,ORD1694,2,Fish Tacos,Main,5,12.59,62.95,Card,Alice,Returning,Dine-in
2024-01-17,Wednesday,03:08 PM,ORD1695,4,Grilled Chicken,Main,1,12.99,12.99,Online,Bob,New,Dine-in
2024-06-20,Thursday,03:59 PM,ORD1696,5,Grilled Chicken,Main,1,12.99,12.99,Online,Carlos,Returning,Takeaway
2024-02-11,Sunday,06:32 PM,ORD1697,19,Ice Cream,Dessert,5,3.99,19.95,Cash,Alice,New,Delivery
2024-02-25,Sunday,01:16 PM,ORD1698,18,Spaghetti Bolognese,Main,2,13.49,26.98,Cash,Alice,New,Delivery
2024-05-01,Wednesday,04:15 PM,ORD1699,4,Iced Tea,Drink,4,2.79,11.16,Cash,Carlos,Returning,Takeaway
